date,wteq_cm,snwd_cm
2022-09-21,0.624,
2022-09-22,2.607,
2022-09-23,3.352,
2022-09-24,3.544,
2022-09-25,3.683,
2022-09-26,3.783,
2022-09-27,4.029,
2022-09-28,4.288,
2022-09-29,4.344,
2022-09-30,4.334,
2022-10-01,4.395,
2022-10-02,4.581,
2022-10-03,4.749,
2022-10-04,4.757,
2022-10-05,4.785,
2022-10-06,4.891,
2022-10-07,5.064,
2022-10-08,5.227,
2022-10-09,5.471,
2022-10-10,5.783,
2022-10-11,6.174,
2022-10-12,6.669,
2022-10-13,6.993,
2022-10-14,7.032,
2022-10-15,7.108,
2022-10-16,7.266,
2022-10-17,7.422,
2022-10-18,7.518,
2022-10-19,7.666,
2022-10-20,7.748,
2022-10-21,7.782,
2022-10-22,7.871,
2022-10-23,7.889,
2022-10-24,7.908,
2022-10-25,8.079,17.1383388570663
2022-10-26,8.113,19.5051732033651
2022-10-27,8.625,23.2060681192228
2022-10-28,8.438,22.0459595097678
2022-10-29,8.338,21.1108159972393
2022-10-30,8.475,20.7661609721967
2022-10-31,8.613,22.8296303491651
2022-11-01,8.725,22.9908042017001
2022-11-02,8.812,22.9440224137944
2022-11-03,9.075,25.9787703527098
2022-11-04,9.312,26.4347447286577
2022-11-05,9.475,25.6038505743094
2022-11-06,9.5,24.5912122775158
2022-11-07,9.425,24.7149189541663
2022-11-08,9.45,27.5536319489551
2022-11-09,9.588,28.0943361099472
2022-11-10,9.65,28.9685094341265
2022-11-11,9.85,31.9489814498216
2022-11-12,9.9,30.9597269272832
2022-11-13,10.0,30.0732232314919
2022-11-14,10.0,29.3000590769698
2022-11-15,10.1,28.6378089294993
2022-11-16,10.262,28.7088928365589
2022-11-17,10.3,29.189872871544
2022-11-18,10.3,29.6738184758022
2022-11-19,10.2,29.7058846577684
2022-11-20,10.088,29.719065766817
2022-11-21,10.125,30.9723230698569
2022-11-22,10.512,36.4835780449722
2022-11-23,10.7,36.0095339967265
2022-11-24,10.775,36.2502916766293
2022-11-25,10.887,35.8516653904764
2022-11-26,10.988,35.6472716327555
2022-11-27,11.1,37.1586518939895
2022-11-28,11.162,36.8882566325223
2022-11-29,11.125,36.7525651368428
2022-11-30,10.925,36.8720747118599
2022-12-01,10.8,38.8292221815335
2022-12-02,10.713,39.0128516725084
2022-12-03,10.7,39.649328737696
2022-12-04,10.863,39.7705817942407
2022-12-05,11.113,39.2100138369117
2022-12-06,11.262,39.8868878934865
2022-12-07,11.412,42.7385247666471
2022-12-08,11.963,51.9519207780237
2022-12-09,12.25,54.0524832948234
2022-12-10,12.387,51.999966933091
2022-12-11,12.5,50.9778797315365
2022-12-12,13.012,59.0030952397607
2022-12-13,13.4,62.2092063336967
2022-12-14,13.525,61.4196360627117
2022-12-15,13.787,63.5261112763403
2022-12-16,13.963,60.383330254503
2022-12-17,14.075,59.0694829869189
2022-12-18,14.175,58.1283238808273
2022-12-19,14.269,57.3872686280915
2022-12-20,14.463,57.0211498859744
2022-12-21,14.588,56.5475765723284
2022-12-22,14.588,56.3841299332035
2022-12-23,14.575,56.027892696265
2022-12-24,14.55,55.4164201249741
2022-12-25,14.537,55.5956996159046
2022-12-26,14.625,57.7913885600622
2022-12-27,14.713,58.2867375611491
2022-12-28,14.637,58.3719793593704
2022-12-29,14.875,58.3051583705075
2022-12-30,14.912,58.3702478575462
2022-12-31,14.963,58.1820271636588
2023-01-01,15.088,58.6772060429873
2023-01-02,15.175,59.3000067578419
2023-01-03,15.162,58.3807530612309
2023-01-04,15.262,58.8570352151818
2023-01-05,15.3,58.8035801357458
2023-01-06,15.312,58.8060190716744
2023-01-07,15.4,64.1528934405755
2023-01-08,15.675,70.0777946705874
2023-01-09,15.75,68.7441871012128
2023-01-10,15.787,67.7887851075039
2023-01-11,15.825,66.8314506497381
2023-01-12,15.875,66.3454282448469
2023-01-13,15.9,65.6686110362164
2023-01-14,15.988,65.1053165507111
2023-01-15,16.025,64.8720765966302
2023-01-16,16.087,68.255579535104
2023-01-17,16.238,67.3482476312505
2023-01-18,16.312,73.3676040788228
2023-01-19,16.35,72.3450392494403
2023-01-20,16.363,72.075714327095
2023-01-21,16.675,77.9901494169807
2023-01-22,16.875,78.6514706993396
2023-01-23,16.925,78.1120977315503
2023-01-24,16.95,76.9789268443426
2023-01-25,16.913,76.6867807319633
2023-01-26,16.913,79.7155405717128
2023-01-27,17.1,79.4260172584473
2023-01-28,17.038,78.1189391473178
2023-01-29,17.25,78.1538005794372
2023-01-30,17.262,82.2434180092857
2023-01-31,17.45,83.1718089208968
2023-02-01,17.688,81.9945751593755
2023-02-02,17.788,82.4826146141399
2023-02-03,17.863,83.5136779437802
2023-02-04,17.925,84.5447412734205
2023-02-05,17.913,85.8037591985659
2023-02-06,18.1,86.6187831677664
2023-02-07,18.163,86.7898459045231
2023-02-08,18.15,86.7942692903681
2023-02-09,18.175,86.2502289298211
2023-02-10,18.275,88.101798307976
2023-02-11,18.225,88.2049736258633
2023-02-12,18.288,88.0079803373631
2023-02-13,18.462,87.8109870488629
2023-02-14,18.488,87.6139937603627
2023-02-15,18.488,87.4170004718625
2023-02-16,18.775,87.1532126526741
2023-02-17,19.1,86.030627450455
2023-02-18,19.188,86.3839159609819
2023-02-19,19.2,86.9369003682129
2023-02-20,19.25,86.2990538395541
2023-02-21,19.3,87.1716310725573
2023-02-22,19.322,85.8879033827925
2023-02-23,19.521,86.2028782727192
2023-02-24,19.745,88.6560500557266
2023-02-25,19.8,88.2508905452586
2023-02-26,19.863,87.3195370465214
2023-02-27,19.9,87.1753545786927
2023-02-28,19.925,88.1105062474029
2023-03-01,20.0,88.1069987099296
2023-03-02,20.1,88.2887900808636
2023-03-03,20.1,86.8982859071279
2023-03-04,20.1,86.6159334736535
2023-03-05,20.1,86.7792625039703
2023-03-06,20.137,89.0733019347819
2023-03-07,20.288,89.8021258368457
2023-03-08,20.3,89.4659741746732
2023-03-09,20.35,91.0876296881279
2023-03-10,20.4,91.0596165286129
2023-03-11,20.4,90.2403104840203
2023-03-12,20.4,89.893365724565
2023-03-13,20.4,89.444484677733
2023-03-14,20.425,89.3186819872863
2023-03-15,20.5,89.4898697754453
2023-03-16,20.525,89.2925476370931
2023-03-17,20.587,89.2354715168743
2023-03-18,20.55,88.8092095824779
2023-03-19,20.5,88.3305400322305
2023-03-20,20.55,90.6460279464468
2023-03-21,20.6,91.2300695605093
2023-03-22,20.6,90.7000194839622
2023-03-23,20.587,89.5053852855823
2023-03-24,20.525,88.1741620178544
2023-03-25,20.512,88.1404993574897
2023-03-26,20.5,87.71012284483
2023-03-27,20.55,87.4026234742315
2023-03-28,20.6,87.1948274107732
2023-03-29,20.6,87.067384049147
2023-03-30,20.562,87.1483511270736
2023-03-31,20.775,92.1266548024876
2023-04-01,20.9,93.7492466045703
2023-04-02,20.938,93.2031212446505
2023-04-03,20.913,92.8992048085965
2023-04-04,20.925,92.1730582445347
2023-04-05,20.925,91.7672513707575
2023-04-06,21.038,93.6132546080558
2023-04-07,21.2,95.1086812539815
2023-04-08,21.2,94.309308015084
2023-04-09,21.238,94.7718218172334
2023-04-10,21.5,99.1605739481718
2023-04-11,21.5,98.1201751074746
2023-04-12,21.5,96.7262536050832
2023-04-13,21.525,96.4736866259282
2023-04-14,21.6,96.9444652725312
2023-04-15,21.6,96.3396267823004
2023-04-16,21.6,94.9897307196465
2023-04-17,21.637,93.7438777113545
2023-04-18,21.6,92.6377437538177
2023-04-19,21.6,91.5790769249759
2023-04-20,21.675,90.1237458982009
2023-04-21,21.825,88.6056950078626
2023-04-22,21.962,92.0494743245662
2023-04-23,22.075,88.1329757599741
2023-04-24,22.337,89.0789715224392
2023-04-25,22.488,89.908884733454
2023-04-26,22.5,89.4787628182374
2023-04-27,22.575,88.7123886437063
2023-04-28,22.55,87.7419676878328
2023-04-29,22.738,86.6207020320842
2023-04-30,23.262,82.8621654962326
2023-05-01,23.125,75.2331703931779
2023-05-02,23.5,68.0039182179498
2023-05-03,23.488,65.9898425430913
2023-05-04,23.262,61.9516978822513
2023-05-05,22.825,57.9385168129456
2023-05-06,22.65,52.3172628720151
2023-05-07,22.113,47.2890557696681
2023-05-08,21.8,44.9857478529994
2023-05-09,21.725,44.2970223248705
2023-05-10,21.312,41.6624916438101
2023-05-11,20.325,37.854580511025
2023-05-12,19.05,33.3966551399281
2023-05-13,18.225,29.8818976597913
2023-05-14,17.188,26.8535749699574
2023-05-15,15.262,21.569721976425
2023-05-16,13.113,16.2003644873263
2023-05-17,10.338,8.03502654414278
2023-05-18,7.025,2.0752902345438
2023-05-19,3.45,2.0636883711451
2023-05-20,0.64,0.152306271627817
2023-05-21,0.0,
2023-05-22,0.0,
2023-05-23,0.0,
2023-05-24,0.0,
2023-05-25,0.0,
2023-05-26,0.0,
2023-05-27,0.0,
2023-05-28,0.0,
2023-05-29,0.0,
2023-05-30,0.0,
2023-05-31,0.0,
2023-06-01,0.0,
2023-06-02,0.0,
2023-06-03,0.0,
2023-06-04,0.0,
2023-06-05,0.0,
2023-06-06,0.0,
2023-06-07,0.0,
2023-06-08,0.0,
2023-06-09,0.0,
2023-06-10,0.0,
2023-06-11,0.0,
2023-06-12,0.0,
2023-06-13,0.0,
2023-06-14,0.0,
2023-06-15,0.0,
2023-06-16,0.0,
2023-06-17,0.0,
2023-06-18,0.0,
2023-06-19,0.0,
2023-06-20,0.0,
2023-06-21,0.0,
2023-06-22,0.0,
2023-06-23,0.0,
2023-06-24,0.0,
2023-06-25,0.0,
2023-06-26,0.0,
2023-06-27,0.0,
2023-06-28,0.0,
2023-06-29,0.0,
2023-06-30,0.0,
2023-07-01,0.0,
2023-07-02,0.0,
2023-07-03,0.0,
2023-07-04,0.0,
2023-07-05,0.0,
2023-07-06,0.0,
2023-07-07,0.0,
2023-07-08,0.0,
2023-07-09,0.0,
2023-07-10,0.0,
2023-07-11,0.0,
2023-07-12,0.0,
2023-07-13,0.0,
2023-07-14,0.0,
2023-07-15,0.0,
2023-07-16,0.0,
2023-07-17,0.0,
2023-07-18,0.0,
2023-07-19,0.0,
2023-07-20,0.0,
2023-07-21,0.0,
2023-07-22,0.0,
2023-07-23,0.0,
2023-07-24,0.0,
2023-07-25,0.0,
2023-07-26,0.0,
2023-07-27,0.0,
2023-07-28,0.0,
2023-07-29,0.0,
2023-07-30,0.0,
2023-07-31,0.0,
2023-08-01,0.0,
2023-08-02,0.0,
2023-08-03,0.0,
2023-08-04,0.0,
2023-08-05,0.0,
2023-08-06,0.0,
2023-08-07,0.0,
2023-08-08,0.0,
2023-08-09,0.0,
2023-08-10,0.0,
2023-08-11,0.0,
2023-08-12,0.0,
2023-08-13,0.0,
2023-08-14,0.0,
2023-08-15,0.0,
2023-08-16,0.0,
2023-08-17,0.0,
2023-08-18,0.0,
2023-08-19,0.0,
2023-08-20,0.0,
2023-08-21,0.0,
2023-08-22,0.0,
2023-08-23,0.0,
2023-08-24,0.0,
2023-08-25,0.0,
2023-08-26,0.0,
2023-08-27,0.0,
2023-08-28,0.0,
2023-08-29,0.0,
2023-08-30,0.0,
2023-08-31,0.0,
2023-09-01,0.0,
2023-09-02,0.0,
2023-09-03,0.0,
2023-09-04,0.0,
2023-09-05,0.0,
2023-09-06,0.0,
2023-09-07,0.0,
2023-09-08,0.0,
2023-09-09,0.0,
2023-09-10,0.0,
2023-09-11,0.0,
2023-09-12,0.0,
2023-09-13,0.0,
2023-09-14,0.0,
2023-09-15,0.0,
2023-09-16,0.0,
2023-09-17,0.0,
2023-09-18,0.0,
2023-09-19,0.0,
2023-09-20,0.0,
2023-09-21,0.0,
2023-09-22,0.0,
2023-09-23,0.0,
2023-09-24,0.0,
2023-09-25,0.0,
2023-09-26,0.0,
2023-09-27,0.0,
2023-09-28,0.0,
2023-09-29,0.0,
2023-09-30,0.0,
2023-10-01,0.0,
2023-10-02,0.05,1.23229821320634
2023-10-03,0.512,4.06136926990837
2023-10-04,0.15,3.80716117251473
2023-10-05,0.106,4.41680537095512
2023-10-06,0.787,8.73191064771075
2023-10-07,1.4,8.81810015081593
2023-10-08,3.375,21.3006156183205
2023-10-09,4.588,24.2237895406292
2023-10-10,6.062,26.4288709884574
2023-10-11,6.575,27.2250901550628
2023-10-12,7.162,26.699232300978
2023-10-13,7.438,24.3229065126046
2023-10-14,6.775,18.7633535678526
2023-10-15,6.9,16.6065979590401
2023-10-16,7.075,16.4766794396753
2023-10-17,6.625,16.2047547233039
2023-10-18,6.388,17.5050822589103
2023-10-19,7.25,23.0779694002826
2023-10-20,8.25,21.9050731614266
2023-10-21,8.613,21.5892086567423
2023-10-22,7.25,21.4603835606471
2023-10-23,4.75,20.8018962126912
2023-10-24,3.5,21.5371245962743
2023-10-25,3.513,21.5338808938981
2023-10-26,3.625,21.5978934783579
2023-10-27,4.0,21.4718685670341
2023-10-28,4.638,21.5729890787943
2023-10-29,5.062,21.8222844508143
2023-10-30,5.075,21.9764587909837
2023-10-31,5.075,22.0114818657692
2023-11-01,5.075,22.737590199121
2023-11-02,5.075,23.1692125234221
2023-11-03,5.125,24.7562657997691
2023-11-04,5.25,25.9851643313388
2023-11-05,5.3,25.9126550222092
2023-11-06,5.4,26.4851620176666
2023-11-07,5.65,29.3474247377498
2023-11-08,5.912,29.1885667168692
2023-11-09,5.838,28.8425640817306
2023-11-10,6.138,28.4026454820363
2023-11-11,6.275,28.2514420787935
2023-11-12,6.286,28.3374502582211
2023-11-13,6.35,32.4184361089788
2023-11-14,6.638,35.6285524750152
2023-11-15,6.787,34.7361557723083
2023-11-16,6.987,39.6136801448218
2023-11-17,7.125,38.7996167693352
2023-11-18,7.386,42.9006955156576
2023-11-19,7.717,42.4354383567606
2023-11-20,7.8,40.9410835484256
2023-11-21,7.6,40.6958531910152
2023-11-22,7.312,39.8471175779181
2023-11-23,7.35,39.2260982250807
2023-11-24,7.525,39.1416303299197
2023-11-25,7.643,39.1601335517102
2023-11-26,7.675,39.6770825429614
2023-11-27,7.725,39.6411695637974
2023-11-28,7.943,41.6991831785374
2023-11-29,8.1,41.2278451424882
2023-11-30,8.05,41.0814399677528
2023-12-01,7.943,40.8470536187875
2023-12-02,7.957,39.5413795324033
2023-12-03,7.963,41.7522377176558
2023-12-04,7.838,44.0693406738251
2023-12-05,8.113,47.511758056228
2023-12-06,8.387,47.4047470761787
2023-12-07,8.713,50.1875865200891
2023-12-08,8.85,50.9336739558604
2023-12-09,8.988,50.4727806648557
2023-12-10,9.0,49.9069458898793
2023-12-11,8.912,49.3674672381133
2023-12-12,8.725,48.9674690000052
2023-12-13,8.912,50.5961572199136
2023-12-14,9.312,52.1143487835172
2023-12-15,9.575,54.890411371359
2023-12-16,9.738,54.1708373732134
2023-12-17,9.8,55.9924961435166
2023-12-18,10.075,57.4847522239117
2023-12-19,10.162,56.8207347800732
2023-12-20,10.2,56.2108579754134
2023-12-21,10.2,57.7321239772576
2023-12-22,10.2,59.3971531493121
2023-12-23,10.2,58.6369997626909
2023-12-24,10.3,54.5681439663067
2023-12-25,10.312,53.5037759346517
2023-12-26,10.713,56.9344839904844
2023-12-27,11.243,60.0219027902485
2023-12-28,11.471,59.0413908105548
2023-12-29,11.537,62.1766265834733
2023-12-30,12.088,66.0014643721086
2023-12-31,12.387,64.2723697648861
2024-01-01,12.514,63.1975689628958
2024-01-02,12.525,62.7878310589762
2024-01-03,12.614,62.4497145627536
2024-01-04,12.637,63.9349396741721
2024-01-05,12.7,65.4210228358709
2024-01-06,12.725,64.8132634397494
2024-01-07,12.8,64.1033263802261
2024-01-08,12.875,66.9344319106982
2024-01-09,13.083,68.3949776908585
2024-01-10,13.257,67.1247108336846
2024-01-11,13.386,66.6835947121363
2024-01-12,13.4,66.4011738244065
2024-01-13,13.438,65.9766072513563
2024-01-14,13.262,68.3728740177864
2024-01-15,13.312,71.1879050133435
2024-01-16,13.287,70.3639491593141
2024-01-17,13.25,68.1779826379027
2024-01-18,13.367,67.0232708958368
2024-01-19,13.4,66.7151448653632
2024-01-20,13.525,67.6649562189902
2024-01-21,13.7,67.4965984563366
2024-01-22,13.775,67.382410623516
2024-01-23,13.85,67.0646184599411
2024-01-24,13.762,67.0822055345554
2024-01-25,13.775,66.9228079713489
2024-01-26,13.75,67.6851396092196
2024-01-27,13.838,68.7882291447428
2024-01-28,13.875,70.5182606412337
2024-01-29,13.85,68.9542125102861
2024-01-30,14.088,67.0962612901625
2024-01-31,14.443,66.7236902159256
2024-02-01,14.671,66.4320395913433
2024-02-02,14.914,66.1724396273515
2024-02-03,15.186,65.9448642470558
2024-02-04,15.175,66.072671351391
2024-02-05,14.9,66.3735283493137
2024-02-06,14.867,66.693775244075
2024-02-07,15.05,66.5144142392426
2024-02-08,15.0,66.4974213497151
2024-02-09,15.086,67.6114534392753
2024-02-10,15.225,72.6252004687462
2024-02-11,15.375,71.12537657921
2024-02-12,15.529,70.9980538376563
2024-02-13,15.6,70.0163598921141
2024-02-14,15.613,69.5787403560019
2024-02-15,15.787,69.1983902029251
2024-02-16,15.8,69.7858562668519
2024-02-17,15.9,69.4518438568492
2024-02-18,15.963,69.4262586640669
2024-02-19,15.914,69.1757235425775
2024-02-20,15.925,68.4415480682364
2024-02-21,15.988,68.5232901246718
2024-02-22,16.087,69.6895753600462
2024-02-23,16.5,75.1975891645011
2024-02-24,16.757,74.3781672197557
2024-02-25,16.883,74.5027067896129
2024-02-26,17.05,74.3359605341108
2024-02-27,17.117,74.2787269188824
2024-02-28,17.25,74.0793359641701
2024-02-29,17.34,73.9759747947259
2024-03-01,17.4,74.3040383279431
2024-03-02,17.517,73.9272751735411
2024-03-03,17.62,74.0101506967124
2024-03-04,17.557,74.16353783722
2024-03-05,17.55,74.1125023006388
2024-03-06,17.587,74.1571710273924
2024-03-07,17.575,74.1016604748246
2024-03-08,17.65,75.2500962629027
2024-03-09,17.775,79.3335630294212
2024-03-10,17.871,79.9879150599758
2024-03-11,18.05,80.580058176353
2024-03-12,18.186,80.674856127868
2024-03-13,18.2,80.3864747222814
2024-03-14,18.3,80.1194072361716
2024-03-15,18.386,79.4956871850565
2024-03-16,18.6,82.041667251316
2024-03-17,18.712,81.8609197106323
2024-03-18,18.775,80.9922220504071
2024-03-19,18.8,80.1968731497887
2024-03-20,18.887,79.6554102480775
2024-03-21,18.913,79.2974226325199
2024-03-22,18.95,78.9784374595951
2024-03-23,18.975,78.6227750559727
2024-03-24,18.988,78.4807625224397
2024-03-25,18.988,77.8337690095149
2024-03-26,19.0,76.8004712180797
2024-03-27,18.975,76.2035143873255
2024-03-28,19.15,79.5754222737405
2024-03-29,19.288,78.9336260735203
2024-03-30,19.387,77.7862432206691
2024-03-31,19.45,78.3085775988096
2024-04-01,19.5,77.7161219201717
2024-04-02,19.514,77.5985310268188
2024-04-03,19.538,77.4952229567942
2024-04-04,19.55,77.2556234975151
2024-04-05,19.562,77.0218667520872
2024-04-06,19.837,83.2699537199296
2024-04-07,20.288,89.1099198992286
2024-04-08,20.738,90.6788390143318
2024-04-09,20.962,89.7035281631026
2024-04-10,21.038,87.405305482918
2024-04-11,21.1,86.2861484156962
2024-04-12,21.075,85.2654388110397
2024-04-13,21.075,84.0261682077007
2024-04-14,21.075,83.751292151783
2024-04-15,21.087,83.4496475943326
2024-04-16,21.113,82.4959353779566
2024-04-17,21.087,79.8663202488636
2024-04-18,20.938,76.2241930351927
2024-04-19,20.762,73.0124869141973
2024-04-20,20.887,69.5060090170291
2024-04-21,21.7,64.7781702027722
2024-04-22,22.2,60.3299585293837
2024-04-23,21.55,54.921153609655
2024-04-24,20.587,50.2341165239811
2024-04-25,19.275,45.3029018746987
2024-04-26,17.925,42.1813305258024
2024-04-27,16.675,38.9275760727394
2024-04-28,15.363,35.4357633246492
2024-04-29,14.3,33.099401830733
2024-04-30,13.812,31.2711770335293
2024-05-01,12.787,28.1323565189507
2024-05-02,11.414,24.7744506942594
2024-05-03,10.012,21.7584436820342
2024-05-04,8.312,16.4104086602093
2024-05-05,6.225,9.2812162289828
2024-05-06,3.025,5.32851610090707
2024-05-07,0.787,4.51663171688256
2024-05-08,0.225,3.67406943606665
2024-05-09,0.25,2.92680534844791
2024-05-10,0.357,2.79664302849329
2024-05-11,0.113,1.92202287071564
2024-05-12,0.325,1.7384334447387
2024-05-13,0.625,1.70980825875077
2024-05-14,0.0,0.0
2024-05-15,0.0,0.0
2024-05-16,0.0,0.0
2024-05-17,0.0,0.0
2024-05-18,0.0,0.0
2024-05-19,0.0,0.0
2024-05-20,0.0,0.0
2024-05-21,0.0,0.0
2024-05-22,0.0,0.0
2024-05-23,0.0,0.0
2024-05-24,0.0,0.0
2024-05-25,0.0,0.0
2024-05-26,0.0,0.0
2024-05-27,0.0,0.0
2024-05-28,0.0,0.0
2024-05-29,0.0,0.0
2024-05-30,0.0,0.0
2024-05-31,0.0,0.0
2024-06-01,0.0,0.0
2024-06-02,0.0,0.0
2024-06-03,0.0,0.0
2024-06-04,0.0,0.0
2024-06-05,0.0,0.0
2024-06-06,0.0,0.0
2024-06-07,0.0,0.0
2024-06-08,0.0,0.0
2024-06-09,0.0,0.0
2024-06-10,0.0,0.0
2024-06-11,0.0,0.0
2024-06-12,0.0,0.0
2024-06-13,0.0,0.0
2024-06-14,0.0,0.0
2024-06-15,0.0,0.0
2024-06-16,0.0,0.0
2024-06-17,0.0,0.0
2024-06-18,0.0,0.0
2024-06-19,0.0,0.0
2024-06-20,0.0,0.0
2024-06-21,0.0,0.0
2024-06-22,0.0,0.0
2024-06-23,0.0,0.0
2024-06-24,0.0,0.0
2024-06-25,0.0,0.0
2024-06-26,0.0,0.0
2024-06-27,0.0,0.0
2024-06-28,0.0,0.0
2024-06-29,0.0,0.0
2024-06-30,0.0,0.0
2024-07-01,0.0,0.0
2024-07-02,0.0,0.0
2024-07-03,0.0,0.0
2024-07-04,0.0,0.0
2024-07-05,0.0,0.0
2024-07-06,0.0,0.0
2024-07-07,0.0,0.0
2024-07-08,0.0,0.0
2024-07-09,0.0,0.0
2024-07-10,0.0,0.0
2024-07-11,0.0,0.0
2024-07-12,0.0,0.0
2024-07-13,0.0,0.0
2024-07-14,0.0,0.0
2024-07-15,0.0,0.0
2024-07-16,0.0,0.0
2024-07-17,0.0,0.0
2024-07-18,0.0,0.0
2024-07-19,0.0,0.0
2024-07-20,0.0,0.0
2024-07-21,0.0,0.0
2024-07-22,0.0,0.0
2024-07-23,0.0,0.0
2024-07-24,0.0,0.0
2024-07-25,0.0,0.0
2024-07-26,0.0,0.0
2024-07-27,0.0,0.0
2024-07-28,0.0,0.0
2024-07-29,0.0,0.0
2024-07-30,0.0,0.0
2024-07-31,0.0,0.0
2024-08-01,0.0,0.0
2024-08-02,0.0,0.0
2024-08-03,0.0,0.0
2024-08-04,0.0,0.0
2024-08-05,0.0,0.0
2024-08-06,0.0,0.0
2024-08-07,0.0,0.0
2024-08-08,0.0,0.0
2024-08-09,0.0,0.0
2024-08-10,0.0,0.0
2024-08-11,0.0,0.0
2024-08-12,0.0,0.0
2024-08-13,0.0,0.0
2024-08-14,0.0,0.0
2024-08-15,0.0,0.0
2024-08-16,0.0,0.0
2024-08-17,0.0,0.0
2024-08-18,0.0,0.0
2024-08-19,0.0,0.0
2024-08-20,0.0,0.0
2024-08-21,0.0,0.0
2024-08-22,0.0,0.0
2024-08-23,0.0,0.0
2024-08-24,0.0,0.0
2024-08-25,0.0,0.0
2024-08-26,0.0,0.0
2024-08-27,0.0,0.0
2024-08-28,0.0,0.0
2024-08-29,0.0,0.0
2024-08-30,0.0,0.0
2024-08-31,0.0,0.0
2024-09-01,0.0,0.0
2024-09-02,0.0,0.0
2024-09-03,0.0,0.0
2024-09-04,0.0,0.0
2024-09-05,0.0,0.0
2024-09-06,0.0,0.0
2024-09-07,0.0,0.0
2024-09-08,0.0,0.0
2024-09-09,0.0,0.0
2024-09-10,0.0,0.0
2024-09-11,0.0,0.0
2024-09-12,0.0,0.0
2024-09-13,0.0,0.0
2024-09-14,0.0,0.0
2024-09-15,0.0,0.261190924289579
2024-09-16,0.0,0.294298138966678
2024-09-17,0.0,0.16482510508532
2024-09-18,0.0,0.246918284923229
2024-09-19,0.0,0.251511351566808
2024-09-20,0.178,0.279633277220889
2024-09-21,1.1,1.0509171982072
2024-09-22,0.425,0.24217475791988
2024-09-23,0.738,1.15742694195095
2024-09-24,0.263,0.267080432250932
2024-09-25,0.188,0.0927823343855501
2024-09-26,0.225,0.244806688106113
2024-09-27,0.225,0.287282860336173
2024-09-28,0.175,0.242371561582235
2024-09-29,0.075,0.0251192124528998
2024-09-30,0.1,0.214552229565619
2024-10-01,0.037,0.426463524205321
2024-10-02,0.05,0.478195794973136
2024-10-03,0.062,0.534642221849378
2024-10-04,0.062,0.501356096469507
2024-10-05,0.125,0.638644462798546
2024-10-06,0.15,0.870796697887787
2024-10-07,0.812,5.09109431658493
2024-10-08,0.85,3.80911847452716
2024-10-09,0.838,3.10742545174372
2024-10-10,0.938,3.59885690052071
2024-10-11,0.95,4.01081115297477
2024-10-12,0.95,4.73274328999079
2024-10-13,0.975,3.17353782903167
2024-10-14,0.9,4.43519079283764
2024-10-15,1.3,7.31779978134929
2024-10-16,1.735,11.9056764676394
2024-10-17,2.256,12.1968623611522
2024-10-18,2.257,11.6088284241333
2024-10-19,2.319,11.1847071113843
2024-10-20,2.375,11.3904069253149
2024-10-21,2.65,13.4153501433928
2024-10-22,3.025,15.8707300581445
2024-10-23,3.275,17.7750414350098
2024-10-24,3.4,17.1534130424061
2024-10-25,3.4,16.6622367509929
2024-10-26,3.438,17.1040498976459
2024-10-27,3.7,19.9623740045701
2024-10-28,3.862,21.8468029690256
2024-10-29,4.138,26.933334414036
2024-10-30,4.787,33.4270886014441
2024-10-31,5.05,34.1956853721717
2024-11-01,5.213,33.1882710307818
2024-11-02,5.425,32.9227660986852
2024-11-03,5.625,32.8971040792667
2024-11-04,5.75,33.3805726668588
2024-11-05,5.838,33.343227831259
2024-11-06,6.213,37.3771932887506
2024-11-07,6.325,36.5170959365375
2024-11-08,6.675,40.4368548876276
2024-11-09,6.786,39.2566675721806
2024-11-10,6.85,38.7989109350221
2024-11-11,6.938,39.8295248726873
2024-11-12,7.037,41.5316509078825
2024-11-13,7.237,46.1650530478371
2024-11-14,7.429,48.7609281358006
2024-11-15,7.6,47.2346795104671
2024-11-16,7.713,45.2378089392771
2024-11-17,7.867,45.4538613871848
2024-11-18,7.975,45.4796589334797
2024-11-19,8.2,46.0264987786417
2024-11-20,8.3,45.2350900556356
2024-11-21,8.3,44.6461081037569
2024-11-22,8.386,44.2473720587689
2024-11-23,8.4,44.0285200074111
2024-11-24,8.4,43.4425985599638
2024-11-25,8.5,45.6079362788986
2024-11-26,8.637,46.8758166723702
2024-11-27,8.7,46.2714182474719
2024-11-28,8.8,46.5037349778906
2024-11-29,8.8,46.5478731101222
2024-11-30,8.8,46.1107337652812
2024-12-01,8.8,46.0194219794589
2024-12-02,8.8,45.6472099719433
2024-12-03,8.925,47.3075813430745
2024-12-04,9.725,54.6334079175171
2024-12-05,10.125,54.8586228509647
2024-12-06,10.35,53.9228613766901
2024-12-07,10.438,53.9300446026905
2024-12-08,10.5,54.1611248373108
2024-12-09,10.562,54.2132436494582
2024-12-10,10.6,53.6766510553757
2024-12-11,10.6,53.053909919544
2024-12-12,10.625,52.7025777046975
2024-12-13,11.1,61.1127511945015
2024-12-14,11.357,60.642728267824
2024-12-15,11.512,61.0267991419047
2024-12-16,11.8,62.9193313219185
2024-12-17,11.9,62.3675824513239
2024-12-18,11.914,61.4371465011284
2024-12-19,12.0,60.9790523613942
2024-12-20,12.0,60.4172437023776
2024-12-21,12.025,59.8433438437423
2024-12-22,12.1,59.4193742146611
2024-12-23,12.113,59.3390980574925
2024-12-24,12.3,61.7751090450481
2024-12-25,12.4,61.4022432709109
2024-12-26,12.575,64.9799460628287
2024-12-27,12.738,65.6473086158471
2024-12-28,12.875,65.9852260150637
2024-12-29,13.0,66.4371797018247
2024-12-30,13.02,65.7405459496756
2024-12-31,13.1,65.0941506225649
2025-01-01,13.133,64.8014683643085
2025-01-02,13.2,64.5495007879017
2025-01-03,13.229,64.5774318684025
2025-01-04,13.3,64.3703846729731
2025-01-05,13.312,63.5359996741296
2025-01-06,13.387,63.2114790141067
2025-01-07,13.4,63.3447529382121
2025-01-08,13.4,62.7837617802934
2025-01-09,13.812,68.3192300445151
2025-01-10,14.475,75.1526202671304
2025-01-11,14.7,75.8172664414746
2025-01-12,14.8,74.3545345352435
2025-01-13,14.825,73.1803155344002
2025-01-14,14.925,72.7207250308223
2025-01-15,15.0,73.021564807954
2025-01-16,15.057,72.2912077648463
2025-01-17,15.1,71.8936658486369
2025-01-18,15.129,71.4184948816975
2025-01-19,15.2,71.3519212921246
2025-01-20,15.45,76.116918374139
2025-01-21,15.662,77.0841277682125
2025-01-22,15.7,76.2661678866552
2025-01-23,15.762,75.2672429723695
2025-01-24,15.8,74.5779687267905
2025-01-25,15.8,72.8873834290843
2025-01-26,15.8,71.5511639617985
2025-01-27,15.8,70.8587481818079
2025-01-28,15.8,70.5970703188831
2025-01-29,15.9,71.8345380191094
2025-01-30,16.773,76.9915991250682
2025-01-31,16.929,76.6676986553166
2025-02-01,16.981,76.6392272576185
2025-02-02,17.068,76.7628194334372
2025-02-03,17.164,76.1132855093
2025-02-04,17.24,75.9994950550916
2025-02-05,17.29,75.8898893174429
2025-02-06,17.394,75.8419187671032
2025-02-07,17.792,77.7402822938772
2025-02-08,18.137,78.6158853708318
2025-02-09,18.14,77.9786780756373
2025-02-10,18.162,77.5890078838704
2025-02-11,18.193,77.2567712308488
2025-02-12,18.207,77.3941540456529
2025-02-13,18.233,77.2031218995461
2025-02-14,18.235,76.813960807501
2025-02-15,18.256,76.33138238358
2025-02-16,18.262,76.1289215381537
2025-02-17,18.273,75.8811801576695
2025-02-18,18.296,75.8724774037426
2025-02-19,18.307,75.8328765040324
2025-02-20,18.66,77.5708525300866
2025-02-21,18.794,77.6682295112974
2025-02-22,18.823,77.4115909803851
2025-02-23,19.006,79.4489181270339
2025-02-24,20.016,84.5898592042811
2025-02-25,20.145,84.2533001153342
2025-02-26,20.167,83.2723573233337
2025-02-27,20.524,84.6769116846045
2025-02-28,20.598,83.5129545901983
2025-03-01,20.598,82.856781530373
2025-03-02,20.617,82.4317309155086
2025-03-03,20.623,81.6749177512421
2025-03-04,20.611,81.4196734109198
2025-03-05,20.598,81.441687253555
2025-03-06,20.633,81.827048770746
2025-03-07,21.151,83.4687387451089
2025-03-08,21.379,87.5623096872866
2025-03-09,21.424,86.6681174282491
2025-03-10,21.432,86.4993481182476
2025-03-11,21.461,85.5878291962967
2025-03-12,21.474,85.2805480707202
2025-03-13,21.474,84.8603035434373
2025-03-14,21.492,84.737340898017
2025-03-15,21.536,84.591302791032
2025-03-16,21.758,85.8856909609533
2025-03-17,22.198,86.0034920995904
2025-03-18,22.3,86.0612740100563
2025-03-19,22.311,85.7795010064169
2025-03-20,22.4,85.3713763133518
2025-03-21,22.423,84.873911417735
2025-03-22,22.5,84.9840167865708
2025-03-23,22.5,86.0724387359548
2025-03-24,22.5,85.6789303678368
2025-03-25,22.5,85.4617493160007
2025-03-26,22.5,85.5170008025323
2025-03-27,22.5,85.4628638656147
2025-03-28,22.5,85.1646654181814
2025-03-29,22.5,84.8201795960139
2025-03-30,22.5,84.6217113541321
2025-03-31,22.548,85.7434267051354
2025-04-01,22.878,89.1621562067304
2025-04-02,23.201,89.4438192583048
2025-04-03,23.298,86.9967170548037
2025-04-04,23.275,82.9783617273778
2025-04-05,23.236,80.0602360243465
2025-04-06,23.375,77.7364128886459
2025-04-07,23.472,76.0659577041756
2025-04-08,23.586,72.866064072566
2025-04-09,23.602,70.7602893500456
2025-04-10,23.623,69.8296145699783
2025-04-11,23.567,71.8605178377045
2025-04-12,24.347,77.2553654799764
2025-04-13,24.527,74.2704216666259
2025-04-14,24.535,74.4476173236465
2025-04-15,24.535,74.2007951110669
2025-04-16,24.55,73.5112196682741
2025-04-17,24.564,71.9174143427992
2025-04-18,24.564,71.2951543297721
2025-04-19,24.565,70.5611006855616
2025-04-20,24.578,71.5464406825872
2025-04-21,24.582,72.616759678204
2025-04-22,24.621,71.9610586388049
2025-04-23,24.642,71.3052406802855
2025-04-24,24.827,72.1807162051235
2025-04-25,25.267,74.2533072093013
2025-04-26,25.333,72.8127327281784
2025-04-27,25.167,70.9871186122471
2025-04-28,24.669,68.121077208852
2025-04-29,23.868,63.3968949143018
2025-04-30,23.194,59.0986662653992
2025-05-01,22.802,55.7890200701879
2025-05-02,22.339,51.0395691074989
2025-05-03,21.608,45.1760790168826
2025-05-04,20.852,40.9552307759816
2025-05-05,18.925,36.633067721245
2025-05-06,18.688,37.6361557997386
2025-05-07,19.15,38.5245102944841
2025-05-08,19.212,36.965799414369
2025-05-09,18.988,34.9414136452284
2025-05-10,18.625,32.6686961066436
2025-05-11,17.938,29.9471214181626
2025-05-12,17.15,26.4367283713518
2025-05-13,15.95,22.052285752308
2025-05-14,15.15,20.1473830559373
2025-05-15,11.537,17.5698680371925
2025-05-16,10.1,13.654222732225
2025-05-17,8.037,8.00248532644761
2025-05-18,5.612,4.00665176214232
2025-05-19,2.8,3.00670009685302
2025-05-20,0.625,2.84766697166041
2025-05-21,0.438,2.25951015444415
2025-05-22,0.438,2.1019995054584
2025-05-23,0.487,1.89928475316205
2025-05-24,0.45,1.68074098964869
2025-05-25,0.412,1.53335452126989
2025-05-26,0.412,1.19520767584625
2025-05-27,0.375,1.10821057265744
2025-05-28,0.362,0.836899740819
2025-05-29,0.037,0.101622429731361
2025-05-30,0.0,0.0
2025-05-31,0.0,0.0
2025-06-01,0.0,0.0
2025-06-02,0.0,0.0
2025-06-03,0.0,0.0
2025-06-04,0.0,0.0
2025-06-05,0.0,0.0
2025-06-06,0.0,0.0
2025-06-07,0.0,0.0
2025-06-08,0.0,0.0
2025-06-09,0.0,0.0
2025-06-10,0.0,0.0
2025-06-11,0.0,0.0
2025-06-12,0.0,0.0
2025-06-13,0.0,0.0
2025-06-14,0.0,0.0
2025-06-15,0.0,0.0
2025-06-16,0.0,0.0
2025-06-17,0.0,0.0
2025-06-18,0.0,0.0
2025-06-19,0.0,0.0
2025-06-20,0.0,0.0
2025-06-21,0.0,0.0
2025-06-22,0.0,0.0
2025-06-23,0.0,0.0
2025-06-24,0.0,0.0
2025-06-25,0.0,0.0
2025-06-26,0.0,0.0
2025-06-27,0.0,0.0
2025-06-28,0.0,0.0
2025-06-29,0.0,0.0
2025-06-30,0.0,0.0
2025-07-01,0.0,0.0
2025-07-02,0.0,0.0
2025-07-03,0.0,0.0
2025-07-04,0.0,0.0
2025-07-05,0.0,0.0
2025-07-06,0.0,0.0
2025-07-07,0.0,0.0
2025-07-08,0.0,0.0
2025-07-09,0.0,0.0
2025-07-10,0.0,0.0
2025-07-11,0.0,0.0
2025-07-12,0.0,0.0
2025-07-13,0.0,0.0
2025-07-14,0.0,0.0
2025-07-15,0.0,0.0
2025-07-16,0.0,0.0
2025-07-17,0.0,0.0
2025-07-18,0.0,0.0
2025-07-19,0.0,0.0
2025-07-20,0.0,0.0
2025-07-21,0.0,0.0
2025-07-22,0.0,0.0
2025-07-23,0.0,0.0
2025-07-24,0.0,0.0
2025-07-25,0.0,0.0
2025-07-26,0.0,0.0
2025-07-27,0.0,0.0
2025-07-28,0.0,0.0
2025-07-29,0.0,0.0
2025-07-30,0.0,0.0
2025-07-31,0.0,0.0
2025-08-01,0.0,0.0
2025-08-02,0.0,0.0
2025-08-03,0.0,0.0
2025-08-04,0.0,0.0
2025-08-05,0.0,0.0
2025-08-06,0.0,0.0
2025-08-07,0.0,0.0
2025-08-08,0.0,0.0
2025-08-09,0.0,0.0
2025-08-10,0.0,0.0
2025-08-11,0.0,0.0
2025-08-12,0.0,0.0
2025-08-13,0.0,0.0
2025-08-14,0.0,0.0
2025-08-15,0.0,0.0
2025-08-16,0.0,0.0
2025-08-17,0.0,0.0
2025-08-18,0.0,0.0
2025-08-19,0.0,0.0
2025-08-20,0.0,0.0
2025-08-21,0.0,0.0
2025-08-22,0.0,0.0
2025-08-23,0.0,0.0
2025-08-24,0.0,0.0
2025-08-25,0.0,0.0
2025-08-26,0.0,0.0
2025-08-27,0.0,0.0
2025-08-28,0.0,0.0
2025-08-29,0.0,0.0
2025-08-30,0.0,0.0
2025-08-31,0.0,0.0
2025-09-01,0.0,0.0
2025-09-02,0.0,0.0
2025-09-03,0.0,0.0
2025-09-04,0.0,0.0
2025-09-05,0.0,0.0
2025-09-06,0.0,0.0
2025-09-07,0.0,0.0
2025-09-08,0.0,0.0
2025-09-09,0.0,0.0
2025-09-10,0.0,0.0
2025-09-11,0.0,0.0
2025-09-12,0.0,0.0
2025-09-13,0.0,0.0
2025-09-14,0.0,0.0
2025-09-15,0.0,0.0
2025-09-16,0.0,0.0
2025-09-17,0.0,0.0
2025-09-18,0.0,0.0
2025-09-19,0.0,0.0
2025-09-20,0.0,0.0
2025-09-21,0.0,0.0
2025-09-22,0.0,0.0
2025-09-23,0.0,0.0
2025-09-24,0.0,0.0
2025-09-25,0.0,0.0
2025-09-26,0.0,0.0
2025-09-27,0.0,0.0
2025-09-28,0.0,0.0
2025-09-29,0.0,0.0
2025-09-30,0.0,0.0
2025-10-01,0.0,0.507302426430577
2025-10-02,0.0,0.450978199836484
2025-10-03,0.025,0.584587033605203
2025-10-04,0.075,0.79092533938999
2025-10-05,0.075,0.585406603748407
2025-10-06,0.062,0.608423568242287
2025-10-07,0.875,2.6383526859336
2025-10-08,0.5,0.681633769678964
2025-10-09,0.0,0.481473864768496
2025-10-10,0.0,0.549627310246976
2025-10-11,0.0,0.718469739339632
2025-10-12,0.0,1.13036713650683
2025-10-13,0.512,6.20173544799132
2025-10-14,1.1,10.8350748534077
2025-10-15,1.887,15.0542653722178
2025-10-16,2.8,20.6396784328221
2025-10-17,3.075,19.282785488781
2025-10-18,3.1,18.8205743093728
2025-10-19,3.1,18.0043681973358
2025-10-20,3.1,17.6125960634273
2025-10-21,3.212,20.0913562553019
2025-10-22,3.737,24.2897528581556
2025-10-23,4.338,26.051197021528
2025-10-24,4.45,24.2199899323783
2025-10-25,4.4,24.1900189928178
2025-10-26,4.463,25.1187080005744
2025-10-27,4.713,28.425320462988
2025-10-28,4.8,26.2717162765951
2025-10-29,4.787,25.5263840506485
2025-10-30,4.756,25.5983499174556
2025-10-31,5.487,29.299871535535
2025-11-01,6.263,29.9326140576676
2025-11-02,6.45,29.3695479613219
2025-11-03,6.037,28.9687424472246
2025-11-04,5.344,29.1635802560422
2025-11-05,5.2,29.4407501449014
2025-11-06,5.362,30.4699105411105
2025-11-07,5.7,29.8648586380997
2025-11-08,6.225,32.0486951374222
2025-11-09,6.537,33.9873548217716
2025-11-10,6.662,36.7431071717462
2025-11-11,6.069,36.1635512043877
2025-11-12,5.925,37.3170877367373
2025-11-13,6.062,36.3063053495224
2025-11-14,6.188,36.1605012564199
2025-11-15,6.2,36.3327003278416
2025-11-16,6.263,40.003319148142
2025-11-17,6.4,42.3828163487065
2025-11-18,6.5,41.5598102814263
2025-11-19,6.55,41.2596673413759
2025-11-20,7.075,45.2367008909471
2025-11-21,7.625,50.5981905985886
2025-11-22,7.763,49.4348174049063
2025-11-23,8.075,52.2344973185459
2025-11-24,8.262,51.6979906549165
2025-11-25,8.363,50.8365101453733
2025-11-26,8.412,51.5130033619468
2025-11-27,8.5,50.7562656214348
2025-11-28,8.562,50.3474750054698
2025-11-29,8.688,50.5089585511985
2025-11-30,8.787,51.3068680428497
2025-12-01,8.975,53.0097648215534
2025-12-02,9.062,53.5467525357354
2025-12-03,9.287,56.2982043989702
2025-12-04,9.3,55.7845895474383
2025-12-05,9.363,55.2453217572432
2025-12-06,9.525,55.2043657691491
2025-12-07,9.787,55.4331210492844
2025-12-08,10.206,55.1388761390334
2025-12-09,10.606,54.7700423642591
2025-12-10,10.8,54.8388843006222
2025-12-11,10.688,54.7330628338977
2025-12-12,10.662,56.446212372465
2025-12-13,10.625,57.6311143245271
2025-12-14,10.475,57.2651313330835
2025-12-15,10.4,56.9647687620764
2025-12-16,10.3,56.8644694663222
2025-12-17,10.238,56.7309316281568
2025-12-18,10.175,56.6287089121743
2025-12-19,10.1,56.4142201673099
2025-12-20,10.1,56.9641864844848
2025-12-21,10.025,57.0046045324314
2025-12-22,10.0,57.1373808572604
2025-12-23,10.0,57.2956012115874
2025-12-24,10.088,58.1821964380139
2025-12-25,10.3,60.2169617675756
2025-12-26,10.387,59.8781835754337
2025-12-27,10.55,60.7209087480922
2025-12-28,10.8,60.5821123964788
2025-12-29,11.0,60.9755583742565
2025-12-30,11.125,60.9975345811669
2025-12-31,11.3,61.4130785844157
2026-01-01,11.438,62.018622455637
2026-01-02,11.562,62.0078516139412
2026-01-03,11.675,61.7380064736746
2026-01-04,11.825,62.0215101927465
2026-01-05,11.938,62.6779271721237
2026-01-06,12.062,62.7203554450197
2026-01-07,12.244,64.3746711060019
2026-01-08,12.412,64.9347409068295
2026-01-09,12.55,65.1768512483609
2026-01-10,13.537,75.2553650553482
2026-01-11,13.812,72.8812665303688
2026-01-12,13.938,71.0565870697283
2026-01-13,14.05,69.3552642419384
2026-01-14,14.363,71.66795650859
2026-01-15,14.55,71.3164545088884
2026-01-16,14.713,71.1499111885602
2026-01-17,14.8,71.7515544918647
2026-01-18,14.875,70.9064093066422
2026-01-19,14.9,70.2652553534469
2026-01-20,14.925,69.2193354113403
2026-01-21,15.0,68.9221280341299
2026-01-22,15.025,68.5760275831239
2026-01-23,15.1,68.3211894379395
2026-01-24,15.169,68.6940935093063
2026-01-25,15.275,68.1243151860432
2026-01-26,15.35,69.1850129474269
2026-01-27,15.7,72.3612730217054
2026-01-28,15.8,72.2067338697114
2026-01-29,15.838,71.7548280287322
2026-01-30,15.9,71.0030384710178
2026-01-31,15.875,70.5176767529012
2026-02-01,15.9,70.2445727129607
2026-02-02,16.0,71.340547655669
2026-02-03,16.15,73.0845280795587
2026-02-04,16.938,81.592250072758
2026-02-05,17.038,80.5371518598983
2026-02-06,17.1,79.5027960199065
2026-02-07,17.163,79.1972961332768
2026-02-08,17.262,80.9997545320623
2026-02-09,17.35,81.1891246776037
2026-02-10,17.5,81.3463942659678
2026-02-11,17.9,84.9050308550537
2026-02-12,18.1,83.7887804199559
2026-02-13,18.2,83.732092271036
2026-02-14,18.325,83.8702005065043
2026-02-15,18.488,85.2403859786136
2026-02-16,18.6,84.5262716779546
2026-02-17,18.65,84.0449516689154
2026-02-18,18.712,84.0387899612672
2026-02-19,18.887,85.2875174381137
2026-02-20,19.019,85.1931253901149
2026-02-21,19.1,84.7947486698404
2026-02-22,19.225,85.9071947252648
2026-02-23,19.538,91.0710127562079
2026-02-24,19.962,93.3332042902401
2026-02-25,20.137,90.7897146864865
2026-02-26,20.2,87.6530520053181
2026-02-27,20.2,87.1618741127226
2026-02-28,20.2,86.0083673915125
2026-03-01,20.2,86.1538439801983
2026-03-02,20.25,85.8445830855564
2026-03-03,20.3,85.8659836733134
2026-03-04,20.375,86.1682931939475
2026-03-05,20.656,87.9723223188617
2026-03-06,20.812,90.9704469556809
2026-03-07,21.35,100.647574067322
2026-03-08,21.469,98.2542325722826
2026-03-09,21.5,96.2020828455184
2026-03-10,21.5,94.699207443262
2026-03-11,21.5,93.6801633014742
2026-03-12,21.5,92.7293878341627
2026-03-13,21.5,91.5243438950746
2026-03-14,21.5,91.025033676943
2026-03-15,21.5,90.6711176437629
2026-03-16,21.562,90.7902162934147
2026-03-17,21.6,90.5939254798003
2026-03-18,21.6,90.0879206062161
2026-03-19,21.613,89.8547259544315
2026-03-20,21.756,90.8854209644742
2026-03-21,21.812,90.8822347861278
2026-03-22,21.887,90.5722548280371
2026-03-23,21.9,90.4516311324722
2026-03-24,21.956,90.2542413364669
2026-03-25,22.0,90.1611577597461
2026-03-26,22.0,89.7627556548749
2026-03-27,22.0,89.5604237154622
2026-03-28,22.0,89.5245796650354
2026-03-29,22.0,89.420828232986
2026-03-30,22.0,89.2830851041714
2026-03-31,22.0,89.0926069772333
2026-04-01,22.0,89.2020728085535
2026-04-02,22.0,88.9679488664802
2026-04-03,21.925,88.8115552405175
2026-04-04,21.9,88.833187623592
2026-04-05,21.9,88.5573758611577
2026-04-06,21.863,88.2869958067575
2026-04-07,21.8,87.4972282244972
2026-04-08,21.663,86.129319484029
2026-04-09,21.587,85.2986129284286
2026-04-10,21.475,84.9528451187388
2026-04-11,21.425,84.8935906000479
2026-04-12,21.4,84.9741813420117
2026-04-13,21.4,84.9394694692011
2026-04-14,21.312,84.9012874601351
2026-04-15,21.225,84.6289667531867
2026-04-16,21.2,84.6735791600881
2026-04-17,21.25,85.5075004344519
2026-04-18,21.337,85.483113604255
2026-04-19,21.475,87.7003877119494
2026-04-20,21.762,90.8299284978418
2026-04-21,22.1,92.0925610375319
2026-04-22,22.3,92.7934887562151
2026-04-23,22.337,90.5077473829849
2026-04-24,22.307,85.8601006212175
2026-04-25,22.053,78.4757658276666
2026-04-26,21.794,69.9780094790582
2026-04-27,21.267,60.8370791384062
2026-04-28,20.067,51.7849122584566
2026-04-29,19.235,46.7857404886283
2026-04-30,19.087,45.3709290537279
2026-05-01,18.962,42.7210734784769
2026-05-02,17.962,39.2520434477872
2026-05-03,16.975,37.0521076958571
2026-05-04,15.512,33.3015036545806
2026-05-05,13.463,27.4909109611769
2026-05-06,12.125,23.4847689650547
2026-05-07,10.975,20.6284065728162
2026-05-08,9.625,17.5133651567853
2026-05-09,8.225,13.7639772311963
2026-05-10,6.612,9.56557105780385
2026-05-11,4.8,5.1975627592982
2026-05-12,2.4,1.00341843556489
2026-05-13,0.5,1.29804138817847
2026-05-14,0.175,1.65254307896817
2026-05-15,0.113,1.7430399772773
2026-05-16,0.138,1.70680483692479
2026-05-17,0.125,1.52067466539836
2026-05-18,0.087,1.36989732327438
2026-05-19,0.15,1.09146183142898
2026-05-20,0.125,1.06266788450969
2026-05-21,0.25,1.07405096642357
2026-05-22,0.138,0.836031217618427
2026-05-23,0.113,0.847586144416269
2026-05-24,0.113,0.821539539487134
2026-05-25,0.1,0.817650499793157
2026-05-26,0.1,0.842019015272655
2026-05-27,0.062,0.732405898498953
2026-05-28,0.113,0.759192253891172
2026-05-29,0.15,0.842052991338662
2026-05-30,0.062,0.641686219687209
2026-05-31,0.087,0.806610964958573
2026-06-01,0.113,0.754667822726006
2026-06-02,0.125,0.554685391409279
2026-06-03,0.113,0.63676876882796
2026-06-04,0.125,0.497430636603209
2026-06-05,0.125,0.530722972005965
2026-06-06,0.113,0.819314350494519
2026-06-07,0.125,0.519888631750391
2026-06-08,0.1,0.449297405328345
2026-06-09,0.1,0.626497557871577
2026-06-10,0.075,0.559694019087122
2026-06-11,0.1,0.588431160088408
2026-06-12,0.075,0.488316476713997
2026-06-13,0.1,0.533174702203699
2026-06-14,0.062,0.658392508855304
2026-06-15,0.062,0.757662865353009
2026-06-16,0.062,0.647905375962761
2026-06-17,0.087,0.54000725393384
2026-06-18,0.075,0.643112606093943
2026-06-19,0.075,0.754547187885358
2026-06-20,0.087,0.571455745023137
2026-06-21,0.062,0.505233824895552
2026-06-22,0.062,0.736408426446641
2026-06-23,0.05,0.744715005025185
2026-06-24,0.087,0.476632298074581
2026-06-25,0.062,0.427784099363691
2026-06-26,0.062,0.600476348778578
2026-06-27,0.075,0.515323483904563
2026-06-28,0.037,0.857148742515808
2026-06-29,0.075,0.503091483953803
2026-06-30,0.025,0.82707389708639
2026-07-01,0.062,0.921148418369313
2026-07-02,0.05,0.682396589828741
2026-07-03,0.013,0.80956412437768
2026-07-04,0.062,0.624532318086128
2026-07-05,0.1,0.635138011603434
2026-07-06,0.113,0.576942329451686
2026-07-07,0.05,0.575212449973666
2026-07-08,0.05,0.791240679305894
2026-07-09,0.062,0.842141053166113
2026-07-10,0.075,0.748150157106345
2026-07-11,0.1,0.534558448656849
2026-07-12,0.087,0.484639907293179
2026-07-13,0.05,0.52475807677666
2026-07-14,0.05,0.619330365856062
2026-07-15,0.037,0.775071670438319
2026-07-16,0.05,0.583846670392514
2026-07-17,0.037,0.513539547127515
2026-07-18,0.025,0.582356568280058
2026-07-19,0.087,0.527190185528024
2026-07-20,0.087,0.490163953903792
2026-07-21,0.0,
2026-07-22,,9.88934326505848
2026-07-23,0.275,
2026-07-24,0.275,
2026-07-25,0.275,
2026-07-26,0.212,
2026-07-27,0.212,
2026-07-28,0.175,
2026-07-29,0.175,
2026-07-30,0.212,
