date,wteq_cm,snwd_cm
2019-12-18,16.434,35.56
2019-12-19,17.069,35.56
2019-12-20,15.723,35.56
2019-12-21,15.469,35.56
2019-12-22,15.951,35.56
2019-12-23,16.053,45.72
2019-12-24,19.914,71.12
2019-12-25,20.803,68.58
2019-12-26,21.209,66.04
2019-12-27,21.285,63.5
2019-12-28,20.803,60.96
2019-12-29,20.65,58.42
2019-12-30,20.777,55.88
2019-12-31,20.828,55.88
2020-01-01,20.599,53.34
2020-01-02,20.93,50.8
2020-01-03,21.488,48.26
2020-01-04,21.641,48.26
2020-01-05,21.438,48.26
2020-01-06,21.285,45.72
2020-01-07,20.904,45.72
2020-01-08,20.879,45.72
2020-01-09,20.447,45.72
2020-01-10,20.777,45.72
2020-01-11,20.422,45.72
2020-01-12,20.726,45.72
2020-01-13,20.752,43.18
2020-01-14,20.777,43.18
2020-01-15,20.93,43.18
2020-01-16,19.99,43.18
2020-01-17,24.282,68.58
2020-01-18,25.07,66.04
2020-01-19,24.511,63.5
2020-01-20,25.425,55.88
2020-01-21,25.552,53.34
2020-01-22,26.162,50.8
2020-01-23,26.492,48.26
2020-01-24,26.01,48.26
2020-01-25,25.705,45.72
2020-01-26,25.095,45.72
2020-01-27,23.851,43.18
2020-01-28,23.698,43.18
2020-01-29,23.368,40.64
2020-01-30,22.86,40.64
2020-01-31,22.682,40.64
2020-02-01,22.708,38.1
2020-02-02,23.165,38.1
2020-02-03,25.095,35.56
2020-02-04,23.647,35.56
2020-02-05,19.253,35.56
2020-02-06,20.142,35.56
2020-02-07,20.98,35.56
2020-02-08,20.726,33.02
2020-02-09,19.99,30.48
2020-02-10,24.46,33.02
2020-02-11,22.809,30.48
2020-02-12,23.876,30.48
2020-02-13,23.419,27.94
2020-02-14,23.927,27.94
2020-02-15,24.054,27.94
2020-02-16,23.089,25.4
2020-02-17,25.73,22.86
2020-02-18,24.74,22.86
2020-02-19,26.264,22.86
2020-02-20,24.562,22.86
2020-02-21,22.733,20.32
2020-02-22,19.279,20.32
2020-02-23,21.742,20.32
2020-02-24,21.438,17.78
2020-02-25,19.558,15.24
2020-02-26,18.009,12.7
2020-02-27,15.545,12.7
2020-02-28,13.945,10.16
2020-02-29,13.183,7.62
2020-03-01,10.719,10.16
2020-03-02,11.455,12.7
2020-03-03,11.049,7.62
2020-03-04,10.338,7.62
2020-03-05,8.052,5.08
2020-03-06,5.944,2.54
2020-03-07,3.632,0.0
2020-03-08,3.277,2.54
2020-03-09,2.54,0.0
2020-03-10,1.092,0.0
2020-03-11,0.0,0.0
2020-03-12,0.0,0.0
2020-03-13,0.0,0.0
2020-03-14,0.0,0.0
2020-03-15,0.635,5.08
2020-03-16,5.944,27.94
2020-03-17,11.938,71.12
2020-03-18,12.37,63.5
2020-03-19,12.522,60.96
2020-03-20,13.792,71.12
2020-03-21,13.792,55.88
2020-03-22,13.995,55.88
2020-03-23,15.138,50.8
2020-03-24,16.739,45.72
2020-03-25,17.399,45.72
2020-03-26,20.091,66.04
2020-03-27,20.396,60.96
2020-03-28,20.65,58.42
2020-03-29,20.828,60.96
2020-03-30,21.92,58.42
2020-03-31,21.184,53.34
2020-04-01,19.736,45.72
2020-04-02,18.771,43.18
2020-04-03,18.009,40.64
2020-04-04,15.824,35.56
2020-04-05,16.129,38.1
2020-04-06,27.838,114.3
2020-04-07,31.775,127.0
2020-04-08,32.537,106.68
2020-04-09,33.071,88.9
2020-04-10,34.087,83.82
2020-04-11,33.579,76.2
2020-04-12,32.868,71.12
2020-04-13,32.156,68.58
2020-04-14,30.556,63.5
2020-04-15,29.083,60.96
2020-04-16,26.848,55.88
2020-04-17,24.765,50.8
2020-04-18,23.724,45.72
2020-04-19,22.682,43.18
2020-04-20,20.803,38.1
2020-04-21,20.396,35.56
2020-04-22,18.999,33.02
2020-04-23,16.281,25.4
2020-04-24,12.573,20.32
2020-04-25,8.001,12.7
2020-04-26,2.896,2.54
2020-04-27,0.0,0.0
2020-04-28,0.0,0.0
2020-04-29,0.0,0.0
2020-04-30,0.0,0.0
2020-05-01,0.0,0.0
2020-05-02,0.0,0.0
2020-05-03,0.0,0.0
2020-05-04,0.0,0.0
2020-05-05,0.0,0.0
2020-05-06,0.0,0.0
2020-05-07,0.0,0.0
2020-05-08,0.0,0.0
2020-05-09,0.0,0.0
2020-05-10,0.0,0.0
2020-05-11,0.0,0.0
2020-05-12,0.0,0.0
2020-05-13,0.0,0.0
2020-05-14,0.0,0.0
2020-05-15,0.0,0.0
2020-05-16,0.0,0.0
2020-05-17,0.0,0.0
2020-05-18,0.0,0.0
2020-05-19,0.0,0.0
2020-05-20,0.0,0.0
2020-05-21,0.0,0.0
2020-05-22,0.0,0.0
2020-05-23,0.0,0.0
2020-05-24,0.0,0.0
2020-05-25,0.0,0.0
2020-05-26,0.0,0.0
2020-05-27,0.0,0.0
2020-05-28,0.0,0.0
2020-05-29,0.0,0.0
2020-05-30,0.0,0.0
2020-05-31,0.0,0.0
2020-06-01,0.0,0.0
2020-06-02,0.0,0.0
2020-06-03,0.0,0.0
2020-06-04,0.0,0.0
2020-06-05,0.0,0.0
2020-06-06,0.0,0.0
2020-06-07,0.0,0.0
2020-06-08,0.0,0.0
2020-06-09,0.0,0.0
2020-06-10,0.0,0.0
2020-06-11,0.0,0.0
2020-06-12,0.0,0.0
2020-06-13,0.0,0.0
2020-06-14,0.0,0.0
2020-06-15,0.0,0.0
2020-06-16,0.0,0.0
2020-06-17,0.0,0.0
2020-06-18,0.0,0.0
2020-06-19,0.0,0.0
2020-06-20,0.0,0.0
2020-06-21,0.0,0.0
2020-06-22,0.0,0.0
2020-06-23,0.0,0.0
2020-06-24,0.0,0.0
2020-06-25,0.0,0.0
2020-06-26,0.0,0.0
2020-06-27,0.0,0.0
2020-06-28,0.0,0.0
2020-06-29,0.0,0.0
2020-06-30,0.0,0.0
2020-07-01,0.0,0.0
2020-07-02,0.0,0.0
2020-07-03,0.0,0.0
2020-07-04,0.0,0.0
2020-07-05,0.0,0.0
2020-07-06,0.0,0.0
2020-07-07,0.0,0.0
2020-07-08,0.0,0.0
2020-07-09,0.0,0.0
2020-07-10,0.0,0.0
2020-07-11,0.0,0.0
2020-07-12,0.0,0.0
2020-07-13,0.0,0.0
2020-07-14,0.0,0.0
2020-07-15,0.0,0.0
2020-07-16,0.0,0.0
2020-07-17,0.0,0.0
2020-07-18,0.0,0.0
2020-07-19,0.0,0.0
2020-07-20,0.0,0.0
2020-07-21,0.0,0.0
2020-07-22,0.0,0.0
2020-07-23,0.0,0.0
2020-07-24,0.0,0.0
2020-07-25,0.0,0.0
2020-07-26,0.0,0.0
2020-07-27,0.0,0.0
2020-07-28,0.0,0.0
2020-07-29,0.0,0.0
2020-07-30,0.0,0.0
2020-07-31,0.0,0.0
2020-08-01,0.0,0.0
2020-08-02,0.0,0.0
2020-08-03,0.0,0.0
2020-08-04,0.0,0.0
2020-08-05,0.0,0.0
2020-08-06,0.0,0.0
2020-08-07,0.0,0.0
2020-08-08,0.0,0.0
2020-08-09,0.0,0.0
2020-08-10,0.0,0.0
2020-08-11,0.0,0.0
2020-08-12,0.0,0.0
2020-08-13,0.0,0.0
2020-08-14,0.0,0.0
2020-08-15,0.0,0.0
2020-08-16,0.0,0.0
2020-08-17,0.0,0.0
2020-08-18,0.0,0.0
2020-08-19,0.0,0.0
2020-08-20,0.0,0.0
2020-08-21,0.0,0.0
2020-08-22,0.0,0.0
2020-08-23,0.0,0.0
2020-08-24,0.0,0.0
2020-08-25,0.0,0.0
2020-08-26,0.0,0.0
2020-08-27,0.0,0.0
2020-08-28,0.0,0.0
2020-08-29,0.0,0.0
2020-08-30,0.0,0.0
2020-08-31,0.0,0.0
2020-09-01,0.0,0.0
2020-09-02,0.0,0.0
2020-09-03,0.0,0.0
2020-09-04,0.0,0.0
2020-09-05,0.0,0.0
2020-09-06,0.0,0.0
2020-09-07,0.0,0.0
2020-09-08,0.0,0.0
2020-09-09,0.0,0.0
2020-09-10,0.0,0.0
2020-09-11,0.0,0.0
2020-09-12,0.0,0.0
2020-09-13,0.0,0.0
2020-09-14,0.0,0.0
2020-09-15,0.0,0.0
2020-09-16,0.0,0.0
2020-09-17,0.0,0.0
2020-09-18,0.0,0.0
2020-09-19,0.0,0.0
2020-09-20,0.0,0.0
2020-09-21,0.0,0.0
2020-09-22,0.0,0.0
2020-09-23,0.0,0.0
2020-09-24,0.0,0.0
2020-09-25,0.0,0.0
2020-09-26,0.0,0.0
2020-09-27,0.0,0.0
2020-09-28,0.0,0.0
2020-09-29,0.0,0.0
2020-09-30,0.0,0.0
2020-10-01,0.0,0.0
2020-10-02,0.0,0.0
2020-10-03,0.0,0.0
2020-10-04,0.0,0.0
2020-10-05,0.0,0.0
2020-10-06,0.0,0.0
2020-10-07,0.0,0.0
2020-10-08,0.0,0.0
2020-10-09,0.0,0.0
2020-10-10,0.0,0.0
2020-10-11,0.0,0.0
2020-10-12,0.0,0.0
2020-10-13,0.0,0.0
2020-10-14,0.0,0.0
2020-10-15,0.0,0.0
2020-10-16,0.0,0.0
2020-10-17,0.0,0.0
2020-10-18,0.0,0.0
2020-10-19,0.0,0.0
2020-10-20,0.0,0.0
2020-10-21,0.0,0.0
2020-10-22,0.0,0.0
2020-10-23,0.0,0.0
2020-10-24,0.0,0.0
2020-10-25,0.0,0.0
2020-10-26,0.0,0.0
2020-10-27,0.0,0.0
2020-10-28,0.0,0.0
2020-10-29,0.0,0.0
2020-10-30,0.0,0.0
2020-10-31,0.0,0.0
2020-11-01,0.0,0.0
2020-11-02,0.0,0.0
2020-11-03,0.0,0.0
2020-11-04,0.0,0.0
2020-11-05,0.0,0.0
2020-11-06,0.0,0.0
2020-11-07,0.0,0.0
2020-11-08,0.0,5.08
2020-11-09,3.124,22.86
2020-11-10,3.073,20.32
2020-11-11,3.15,15.24
2020-11-12,3.124,12.7
2020-11-13,3.099,12.7
2020-11-14,3.073,10.16
2020-11-15,2.997,7.62
2020-11-16,2.692,5.08
2020-11-17,2.261,2.54
2020-11-18,1.753,0.0
2020-11-19,0.279,0.0
2020-11-20,0.0,0.0
2020-11-21,0.0,0.0
2020-11-22,0.0,0.0
2020-11-23,0.0,0.0
2020-11-24,0.0,0.0
2020-11-25,0.0,0.0
2020-11-26,0.0,0.0
2020-11-27,0.0,0.0
2020-11-28,0.0,0.0
2020-11-29,0.0,0.0
2020-11-30,0.0,0.0
2020-12-01,0.0,0.0
2020-12-02,0.0,0.0
2020-12-03,0.0,0.0
2020-12-04,0.0,0.0
2020-12-05,0.0,0.0
2020-12-06,0.0,0.0
2020-12-07,0.0,0.0
2020-12-08,0.0,0.0
2020-12-09,0.0,0.0
2020-12-10,0.0,0.0
2020-12-11,0.0,0.0
2020-12-12,0.0,5.08
2020-12-13,0.0,2.54
2020-12-14,1.321,7.62
2020-12-15,0.0,7.62
2020-12-16,0.0,7.62
2020-12-17,0.0,7.62
2020-12-18,1.422,15.24
2020-12-19,0.0,15.24
2020-12-20,0.127,12.7
2020-12-21,0.483,12.7
2020-12-22,0.635,12.7
2020-12-23,0.229,12.7
2020-12-24,0.0,12.7
2020-12-25,0.203,12.7
2020-12-26,0.178,12.7
2020-12-27,0.711,12.7
2020-12-28,2.311,27.94
2020-12-29,3.226,30.48
2020-12-30,3.404,15.24
2020-12-31,3.353,15.24
2021-01-01,3.505,15.24
2021-01-02,3.277,15.24
2021-01-03,3.2,15.24
2021-01-04,3.175,15.24
2021-01-05,3.632,15.24
2021-01-06,4.293,15.24
2021-01-07,3.988,15.24
2021-01-08,3.124,15.24
2021-01-09,3.353,15.24
2021-01-10,2.235,15.24
2021-01-11,2.489,15.24
2021-01-12,1.93,15.24
2021-01-13,2.108,15.24
2021-01-14,2.896,12.7
2021-01-15,2.769,10.16
2021-01-16,2.388,10.16
2021-01-17,2.235,10.16
2021-01-18,1.981,7.62
2021-01-19,2.057,7.62
2021-01-20,1.245,7.62
2021-01-21,0.0,7.62
2021-01-22,0.0,7.62
2021-01-23,0.0,15.24
2021-01-24,0.0,12.7
2021-01-25,0.0,38.1
2021-01-26,1.524,48.26
2021-01-27,3.683,53.34
2021-01-28,9.195,81.28
2021-01-29,14.681,116.84
2021-01-30,17.069,116.84
2021-01-31,17.78,109.22
2021-02-01,18.288,101.6
2021-02-02,18.821,91.44
2021-02-03,18.999,86.36
2021-02-04,19.253,83.82
2021-02-05,19.304,81.28
2021-02-06,19.228,78.74
2021-02-07,19.075,76.2
2021-02-08,18.923,76.2
2021-02-09,18.669,73.66
2021-02-10,18.542,71.12
2021-02-11,18.542,68.58
2021-02-12,20.752,78.74
2021-02-13,21.057,73.66
2021-02-14,21.742,76.2
2021-02-15,21.59,76.2
2021-02-16,21.971,71.12
2021-02-17,21.971,71.12
2021-02-18,21.793,68.58
2021-02-19,21.488,68.58
2021-02-20,21.057,66.04
2021-02-21,21.844,68.58
2021-02-22,21.768,68.58
2021-02-23,21.742,66.04
2021-02-24,21.946,63.5
2021-02-25,22.073,63.5
2021-02-26,21.92,63.5
2021-02-27,21.869,63.5
2021-02-28,21.946,60.96
2021-03-01,21.666,60.96
2021-03-02,21.59,60.96
2021-03-03,21.438,58.42
2021-03-04,22.098,58.42
2021-03-05,21.463,55.88
2021-03-06,21.209,55.88
2021-03-07,20.422,53.34
2021-03-08,19.761,50.8
2021-03-09,20.599,50.8
2021-03-10,21.438,76.2
2021-03-11,23.978,96.52
2021-03-12,24.333,88.9
2021-03-13,24.486,83.82
2021-03-14,24.333,76.2
2021-03-15,24.257,76.2
2021-03-16,25.883,88.9
2021-03-17,25.908,83.82
2021-03-18,25.476,78.74
2021-03-19,25.4,71.12
2021-03-20,26.772,73.66
2021-03-21,27.483,71.12
2021-03-22,28.169,71.12
2021-03-23,27.28,68.58
2021-03-24,28.423,68.58
2021-03-25,27.381,66.04
2021-03-26,27.711,66.04
2021-03-27,27.61,63.5
2021-03-28,26.289,60.96
2021-03-29,25.908,58.42
2021-03-30,25.298,53.34
2021-03-31,22.733,50.8
2021-04-01,20.091,45.72
2021-04-02,18.263,43.18
2021-04-03,16.129,38.1
2021-04-04,14.046,33.02
2021-04-05,11.557,27.94
2021-04-06,9.322,25.4
2021-04-07,5.182,20.32
2021-04-08,2.718,15.24
2021-04-09,0.025,7.62
2021-04-10,0.0,2.54
2021-04-11,0.0,2.54
2021-04-12,0.0,2.54
2021-04-13,0.0,2.54
2021-04-14,0.0,2.54
2021-04-15,0.0,nan
2021-04-16,0.0,2.54
2021-04-17,0.0,2.54
2021-04-18,nan,nan
2021-04-19,0.0,2.54
2021-04-20,0.0,2.54
2021-04-21,0.0,2.54
2021-04-22,0.0,2.54
2021-04-23,0.0,2.54
2021-04-24,0.0,2.54
2021-04-25,0.0,2.54
2021-04-26,0.0,5.08
2021-04-27,0.0,2.54
2021-04-28,0.0,2.54
2021-04-29,0.0,2.54
2021-04-30,0.0,2.54
2021-05-01,0.0,2.54
2021-05-02,0.0,2.54
2021-05-03,0.0,2.54
2021-05-04,0.0,2.54
2021-05-05,0.0,2.54
2021-05-06,0.0,2.54
2021-05-07,0.0,2.54
2021-05-08,0.0,2.54
2021-05-09,0.0,2.54
2021-05-10,0.0,2.54
2021-05-11,0.0,2.54
2021-05-12,0.0,2.54
2021-05-13,0.0,2.54
2021-05-14,0.0,2.54
2021-05-15,0.0,2.54
2021-05-16,0.0,2.54
2021-05-17,0.0,2.54
2021-05-18,0.0,2.54
2021-05-19,0.0,2.54
2021-05-20,0.0,2.54
2021-05-21,0.0,2.54
2021-05-22,0.0,2.54
2021-05-23,0.0,2.54
2021-05-24,0.0,2.54
2021-05-25,0.0,2.54
2021-05-26,0.0,2.54
2021-05-27,0.0,2.54
2021-05-28,0.0,2.54
2021-05-29,0.0,2.54
2021-05-30,0.0,2.54
2021-05-31,0.0,2.54
2021-06-01,0.0,2.54
2021-06-02,0.0,2.54
2021-06-03,0.0,2.54
2021-06-04,0.0,2.54
2021-06-05,0.0,2.54
2021-06-06,0.0,2.54
2021-06-07,0.0,2.54
2021-06-08,0.0,2.54
2021-06-09,0.0,2.54
2021-06-10,0.0,2.54
2021-06-11,0.0,2.54
2021-06-12,0.0,2.54
2021-06-13,0.0,2.54
2021-06-14,0.0,2.54
2021-06-15,0.0,2.54
2021-06-16,0.0,2.54
2021-06-17,0.0,2.54
2021-06-18,0.0,2.54
2021-06-19,0.0,2.54
2021-06-20,0.0,2.54
2021-06-21,0.0,2.54
2021-06-22,0.0,2.54
2021-06-23,0.0,2.54
2021-06-24,0.0,2.54
2021-06-25,0.0,2.54
2021-06-26,0.0,2.54
2021-06-27,0.0,2.54
2021-06-28,0.0,2.54
2021-06-29,0.0,2.54
2021-06-30,0.0,2.54
2021-07-01,0.0,2.54
2021-07-02,0.0,2.54
2021-07-03,0.0,2.54
2021-07-04,0.0,2.54
2021-07-05,0.0,2.54
2021-07-06,0.0,2.54
2021-07-07,0.0,2.54
2021-07-08,0.0,2.54
2021-07-09,0.0,2.54
2021-07-10,0.0,2.54
2021-07-11,0.0,2.54
2021-07-12,0.0,2.54
2021-07-13,0.0,2.54
2021-07-14,0.0,2.54
2021-07-15,0.0,2.54
2021-07-16,0.0,2.54
2021-07-17,0.0,2.54
2021-07-18,0.0,2.54
2021-07-19,0.0,2.54
2021-07-20,0.0,2.54
2021-07-21,0.0,2.54
2021-07-22,0.0,2.54
2021-07-23,0.0,nan
2021-07-24,0.0,2.54
2021-07-25,0.0,2.54
2021-07-26,0.0,2.54
2021-07-27,0.0,2.54
2021-07-28,0.0,2.54
2021-07-29,0.0,2.54
2021-07-30,0.0,2.54
2021-07-31,0.0,2.54
2021-08-01,0.0,2.54
2021-08-02,0.0,2.54
2021-08-03,0.0,2.54
2021-08-04,0.0,2.54
2021-08-05,0.0,2.54
2021-08-06,0.0,2.54
2021-08-07,0.0,2.54
2021-08-08,0.0,2.54
2021-08-09,0.0,2.54
2021-08-10,0.0,2.54
2021-08-11,0.0,2.54
2021-08-12,0.0,2.54
2021-08-13,0.0,2.54
2021-08-14,0.0,2.54
2021-08-15,0.0,2.54
2021-08-16,0.0,2.54
2021-08-17,0.0,2.54
2021-08-18,0.0,2.54
2021-08-19,0.0,2.54
2021-08-20,0.0,2.54
2021-08-21,0.0,2.54
2021-08-22,0.0,2.54
2021-08-23,0.0,2.54
2021-08-24,0.0,2.54
2021-08-25,0.0,2.54
2021-08-26,0.0,2.54
2021-08-27,0.0,2.54
2021-08-28,0.0,2.54
2021-08-29,0.0,2.54
2021-08-30,0.0,2.54
2021-08-31,0.0,2.54
2021-09-01,0.0,2.54
2021-09-02,0.0,2.54
2021-09-03,0.0,2.54
2021-09-04,0.0,2.54
2021-09-05,0.0,2.54
2021-09-06,0.0,2.54
2021-09-07,0.0,2.54
2021-09-08,0.0,2.54
2021-09-09,0.0,2.54
2021-09-10,0.0,2.54
2021-09-11,0.0,2.54
2021-09-12,0.0,2.54
2021-09-13,0.0,2.54
2021-09-14,0.0,2.54
2021-09-15,0.0,2.54
2021-09-16,0.0,2.54
2021-09-17,0.0,2.54
2021-09-18,0.0,2.54
2021-09-19,0.0,2.54
2021-09-20,0.0,2.54
2021-09-21,0.0,2.54
2021-09-22,0.0,2.54
2021-09-23,0.0,2.54
2021-09-24,0.0,2.54
2021-09-25,0.0,2.54
2021-09-26,0.0,2.54
2021-09-27,0.0,2.54
2021-09-28,0.0,2.54
2021-09-29,0.0,2.54
2021-09-30,0.0,2.54
2021-10-01,0.0,2.54
2021-10-02,0.0,2.54
2021-10-03,0.0,2.54
2021-10-04,0.0,2.54
2021-10-05,0.0,2.54
2021-10-06,0.0,2.54
2021-10-07,0.0,2.54
2021-10-08,0.0,2.54
2021-10-09,0.0,2.54
2021-10-10,0.0,2.54
2021-10-11,0.0,2.54
2021-10-12,0.0,2.54
2021-10-13,0.0,2.54
2021-10-14,0.0,2.54
2021-10-15,0.0,2.54
2021-10-16,0.0,2.54
2021-10-17,0.0,2.54
2021-10-18,0.0,5.08
2021-10-19,0.0,2.54
2021-10-20,0.0,2.54
2021-10-21,0.0,2.54
2021-10-22,0.0,2.54
2021-10-23,0.0,2.54
2021-10-24,0.0,2.54
2021-10-25,0.0,2.54
2021-10-26,1.6,12.7
2021-10-27,1.448,7.62
2021-10-28,0.686,2.54
2021-10-29,0.0,2.54
2021-10-30,0.0,2.54
2021-10-31,0.0,2.54
2021-11-01,0.0,2.54
2021-11-02,0.0,2.54
2021-11-03,0.0,2.54
2021-11-04,0.0,2.54
2021-11-05,0.0,2.54
2021-11-06,0.0,2.54
2021-11-07,0.0,2.54
2021-11-08,0.0,2.54
2021-11-09,0.0,2.54
2021-11-10,0.0,2.54
2021-11-11,0.0,2.54
2021-11-12,0.0,2.54
2021-11-13,0.0,2.54
2021-11-14,0.0,2.54
2021-11-15,0.0,2.54
2021-11-16,0.0,2.54
2021-11-17,0.0,2.54
2021-11-18,0.0,2.54
2021-11-19,0.0,2.54
2021-11-20,0.0,2.54
2021-11-21,0.0,2.54
2021-11-22,0.0,2.54
2021-11-23,0.0,2.54
2021-11-24,0.0,2.54
2021-11-25,0.0,2.54
2021-11-26,0.0,2.54
2021-11-27,0.0,2.54
2021-11-28,0.0,2.54
2021-11-29,0.0,2.54
2021-11-30,0.0,2.54
2021-12-01,0.0,2.54
2021-12-02,0.0,2.54
2021-12-03,0.0,2.54
2021-12-04,0.0,2.54
2021-12-05,0.0,2.54
2021-12-06,0.0,2.54
2021-12-07,0.0,2.54
2021-12-08,0.0,2.54
2021-12-09,0.0,2.54
2021-12-10,1.422,25.4
2021-12-11,1.346,22.86
2021-12-12,1.27,20.32
2021-12-13,1.422,15.24
2021-12-14,10.82,40.64
2021-12-15,14.122,nan
2021-12-16,17.323,63.5
2021-12-17,20.549,71.12
2021-12-18,20.32,66.04
2021-12-19,20.396,63.5
2021-12-20,20.98,60.96
2021-12-21,22.758,60.96
2021-12-22,22.631,58.42
2021-12-23,21.971,53.34
2021-12-24,19.71,48.26
2021-12-25,21.996,55.88
2021-12-26,28.067,91.44
2021-12-27,28.677,91.44
2021-12-28,30.607,nan
2021-12-29,32.055,nan
2021-12-30,33.299,nan
2021-12-31,33.884,119.38
2022-01-01,33.96,116.84
2022-01-02,33.807,111.76
2022-01-03,33.757,109.22
2022-01-04,33.909,106.68
2022-01-05,33.706,104.14
2022-01-06,33.172,99.06
2022-01-07,33.198,96.52
2022-01-08,33.401,93.98
2022-01-09,33.579,93.98
2022-01-10,33.706,91.44
2022-01-11,33.833,91.44
2022-01-12,33.68,91.44
2022-01-13,33.68,88.9
2022-01-14,33.528,86.36
2022-01-15,33.299,86.36
2022-01-16,33.477,86.36
2022-01-17,33.452,83.82
2022-01-18,33.655,83.82
2022-01-19,33.63,81.28
2022-01-20,33.528,81.28
2022-01-21,33.503,81.28
2022-01-22,33.477,81.28
2022-01-23,33.731,78.74
2022-01-24,33.858,78.74
2022-01-25,33.96,78.74
2022-01-26,33.884,78.74
2022-01-27,33.782,76.2
2022-01-28,33.731,76.2
2022-01-29,33.579,73.66
2022-01-30,33.604,73.66
2022-01-31,33.528,73.66
2022-02-01,33.376,71.12
2022-02-02,33.376,71.12
2022-02-03,33.68,71.12
2022-02-04,33.477,71.12
2022-02-05,33.274,71.12
2022-02-06,33.172,71.12
2022-02-07,33.147,68.58
2022-02-08,33.274,68.58
2022-02-09,32.918,66.04
2022-02-10,32.309,66.04
2022-02-11,31.242,63.5
2022-02-12,30.251,60.96
2022-02-13,29.464,60.96
2022-02-14,28.804,58.42
2022-02-15,28.092,55.88
2022-02-16,29.108,58.42
2022-02-17,30.353,58.42
2022-02-18,30.15,55.88
2022-02-19,30.023,55.88
2022-02-20,29.82,53.34
2022-02-21,30.531,53.34
2022-02-22,30.226,53.34
2022-02-23,30.023,76.2
2022-02-24,29.464,71.12
2022-02-25,28.981,68.58
2022-02-26,28.626,66.04
2022-02-27,30.556,63.5
2022-02-28,31.725,60.96
2022-03-01,32.588,58.42
2022-03-02,32.995,55.88
2022-03-03,33.655,53.34
2022-03-04,34.061,50.8
2022-03-05,34.214,60.96
2022-03-06,36.424,73.66
2022-03-07,36.22,71.12
2022-03-08,36.449,66.04
2022-03-09,35.636,63.5
2022-03-10,35.535,60.96
2022-03-11,37.516,60.96
2022-03-12,35.712,58.42
2022-03-13,35.484,55.88
2022-03-14,34.493,53.34
2022-03-15,32.156,50.8
2022-03-16,31.09,50.8
2022-03-17,29.54,48.26
2022-03-18,30.759,45.72
2022-03-19,26.111,40.64
2022-03-20,24.638,45.72
2022-03-21,27.178,43.18
2022-03-22,22.631,38.1
2022-03-23,19.101,35.56
2022-03-24,16.256,30.48
2022-03-25,12.954,27.94
2022-03-26,9.779,22.86
2022-03-27,6.299,17.78
2022-03-28,3.912,12.7
2022-03-29,6.096,22.86
2022-03-30,5.588,17.78
2022-03-31,3.607,12.7
2022-04-01,2.489,10.16
2022-04-02,0.0,2.54
2022-04-03,0.0,2.54
2022-04-04,0.0,2.54
2022-04-05,0.0,2.54
2022-04-06,0.0,2.54
2022-04-07,0.0,2.54
2022-04-08,0.0,2.54
2022-04-09,0.0,2.54
2022-04-10,0.0,2.54
2022-04-11,0.0,2.54
2022-04-12,0.0,5.08
2022-04-13,0.0,2.54
2022-04-14,0.0,2.54
2022-04-15,0.0,2.54
2022-04-16,0.0,2.54
2022-04-17,0.0,2.54
2022-04-18,0.0,2.54
2022-04-19,0.0,2.54
2022-04-20,0.0,2.54
2022-04-21,0.0,2.54
2022-04-22,1.549,15.24
2022-04-23,0.61,5.08
2022-04-24,0.0,2.54
2022-04-25,0.0,2.54
2022-04-26,0.0,2.54
2022-04-27,0.0,2.54
2022-04-28,0.0,2.54
2022-04-29,0.0,2.54
2022-04-30,0.0,2.54
2022-05-01,0.0,2.54
2022-05-02,0.0,2.54
2022-05-03,0.0,2.54
2022-05-04,0.0,2.54
2022-05-05,0.0,2.54
2022-05-06,0.0,2.54
2022-05-07,0.0,2.54
2022-05-08,0.0,2.54
2022-05-09,0.0,2.54
2022-05-10,0.0,2.54
2022-05-11,0.0,2.54
2022-05-12,0.0,2.54
2022-05-13,0.0,2.54
2022-05-14,0.0,2.54
2022-05-15,0.0,2.54
2022-05-16,0.0,2.54
2022-05-17,0.0,2.54
2022-05-18,0.0,2.54
2022-05-19,0.0,2.54
2022-05-20,0.0,2.54
2022-05-21,0.0,2.54
2022-05-22,0.0,2.54
2022-05-23,0.0,2.54
2022-05-24,0.0,2.54
2022-05-25,0.0,2.54
2022-05-26,0.0,2.54
2022-05-27,0.0,2.54
2022-05-28,0.0,2.54
2022-05-29,0.0,2.54
2022-05-30,0.0,2.54
2022-05-31,0.0,2.54
2022-06-01,0.0,2.54
2022-06-02,0.0,2.54
2022-06-03,0.0,2.54
2022-06-04,0.0,2.54
2022-06-05,0.0,2.54
2022-06-06,0.0,2.54
2022-06-07,0.0,2.54
2022-06-08,0.0,2.54
2022-06-09,0.0,2.54
2022-06-10,0.0,2.54
2022-06-11,0.0,2.54
2022-06-12,0.0,2.54
2022-06-13,0.0,2.54
2022-06-14,0.0,2.54
2022-06-15,0.0,2.54
2022-06-16,0.0,2.54
2022-06-17,0.0,2.54
2022-06-18,0.0,2.54
2022-06-19,0.0,2.54
2022-06-20,0.0,2.54
2022-06-21,0.0,2.54
2022-06-22,0.0,2.54
2022-06-23,0.0,2.54
2022-06-24,0.0,2.54
2022-06-25,0.0,2.54
2022-06-26,0.0,2.54
2022-06-27,0.0,2.54
2022-06-28,0.0,2.54
2022-06-29,0.0,2.54
2022-06-30,0.0,2.54
2022-07-01,0.0,2.54
2022-07-02,0.0,2.54
2022-07-03,0.0,2.54
2022-07-04,0.0,2.54
2022-07-05,0.0,2.54
2022-07-06,0.0,2.54
2022-07-07,0.0,2.54
2022-07-08,0.0,2.54
2022-07-09,0.0,2.54
2022-07-10,0.0,2.54
2022-07-11,0.0,2.54
2022-07-12,0.0,2.54
2022-07-13,0.0,2.54
2022-07-14,0.0,2.54
2022-07-15,0.0,2.54
2022-07-16,0.0,2.54
2022-07-17,0.0,2.54
2022-07-18,0.0,2.54
2022-07-19,0.0,2.54
2022-07-20,0.0,2.54
2022-07-21,0.0,2.54
2022-07-22,0.0,2.54
2022-07-23,0.0,2.54
2022-07-24,0.0,2.54
2022-07-25,0.0,2.54
2022-07-26,0.0,2.54
2022-07-27,0.0,2.54
2022-07-28,0.0,2.54
2022-07-29,0.0,2.54
2022-07-30,0.0,2.54
2022-07-31,0.0,2.54
2022-08-01,0.0,2.54
2022-08-02,0.0,2.54
2022-08-03,0.0,2.54
2022-08-04,0.0,2.54
2022-08-05,0.0,2.54
2022-08-06,0.0,2.54
2022-08-07,0.0,2.54
2022-08-08,0.0,2.54
2022-08-09,0.0,2.54
2022-08-10,0.0,2.54
2022-08-11,0.0,2.54
2022-08-12,0.0,2.54
2022-08-13,0.0,2.54
2022-08-14,0.0,2.54
2022-08-15,0.0,2.54
2022-08-16,0.0,2.54
2022-08-17,0.0,2.54
2022-08-18,0.0,2.54
2022-08-19,0.0,2.54
2022-08-20,0.0,2.54
2022-08-21,0.0,2.54
2022-08-22,0.0,2.54
2022-08-23,0.0,2.54
2022-08-24,0.0,2.54
2022-08-25,0.0,2.54
2022-08-26,0.0,2.54
2022-08-27,0.0,2.54
2022-08-28,0.0,2.54
2022-08-29,0.0,2.54
2022-08-30,0.0,2.54
2022-08-31,0.0,2.54
2022-09-01,0.0,0.0
2022-09-02,0.0,0.0
2022-09-03,0.0,0.0
2022-09-04,0.0,0.0
2022-09-05,0.0,0.0
2022-09-06,0.0,0.0
2022-09-07,0.0,0.0
2022-09-08,0.0,0.0
2022-09-09,0.0,0.0
2022-09-10,0.0,0.0
2022-09-11,0.0,0.0
2022-09-12,0.0,0.0
2022-09-13,0.0,0.0
2022-09-14,0.0,0.0
2022-09-15,0.0,0.0
2022-09-16,0.0,0.0
2022-09-17,0.0,0.0
2022-09-18,0.0,0.0
2022-09-19,0.0,0.0
2022-09-20,0.0,0.0
2022-09-21,0.0,0.0
2022-09-22,0.0,0.0
2022-09-23,0.0,0.0
2022-09-24,0.0,0.0
2022-09-25,0.0,0.0
2022-09-26,0.0,0.0
2022-09-27,0.0,0.0
2022-09-28,0.0,0.0
2022-09-29,0.0,0.0
2022-09-30,0.0,0.0
2022-10-01,0.0,0.0
2022-10-02,0.0,0.0
2022-10-03,0.0,0.0
2022-10-04,0.0,0.0
2022-10-05,0.0,0.0
2022-10-06,0.0,0.0
2022-10-07,0.0,0.0
2022-10-08,0.0,0.0
2022-10-09,0.0,0.0
2022-10-10,0.0,0.0
2022-10-11,0.0,0.0
2022-10-12,0.0,0.0
2022-10-13,0.0,0.0
2022-10-14,0.0,0.0
2022-10-15,0.0,0.0
2022-10-16,0.0,0.0
2022-10-17,0.0,0.0
2022-10-18,0.0,0.0
2022-10-19,0.0,0.0
2022-10-20,0.0,0.0
2022-10-21,0.0,0.0
2022-10-22,0.0,0.0
2022-10-23,0.0,0.0
2022-10-24,0.0,0.0
2022-10-25,0.0,0.0
2022-10-26,0.0,0.0
2022-10-27,0.0,0.0
2022-10-28,0.0,0.0
2022-10-29,0.0,0.0
2022-10-30,0.0,0.0
2022-10-31,0.0,0.0
2022-11-01,0.0,0.0
2022-11-02,0.0,7.62
2022-11-03,0.0,10.16
2022-11-04,0.0,7.62
2022-11-05,0.0,2.54
2022-11-06,0.0,0.0
2022-11-07,0.0,0.0
2022-11-08,0.0,12.7
2022-11-09,0.0,38.1
2022-11-10,0.0,45.72
2022-11-11,0.0,38.1
2022-11-12,0.0,38.1
2022-11-13,0.0,38.1
2022-11-14,0.0,35.56
2022-11-15,9.195,35.56
2022-11-16,9.042,33.02
2022-11-17,9.169,33.02
2022-11-18,9.296,27.94
2022-11-19,9.195,27.94
2022-11-20,9.068,27.94
2022-11-21,9.068,27.94
2022-11-22,9.093,25.4
2022-11-23,9.169,25.4
2022-11-24,9.068,25.4
2022-11-25,8.687,22.86
2022-11-26,8.636,22.86
2022-11-27,8.331,22.86
2022-11-28,8.966,22.86
2022-11-29,9.042,22.86
2022-11-30,8.23,22.86
2022-12-01,7.722,22.86
2022-12-02,14.503,55.88
2022-12-03,13.868,55.88
2022-12-04,14.961,48.26
2022-12-05,13.919,40.64
2022-12-06,15.062,45.72
2022-12-07,15.418,45.72
2022-12-08,16.662,45.72
2022-12-09,16.18,43.18
2022-12-10,16.586,43.18
2022-12-11,23.978,60.96
2022-12-12,23.444,68.58
2022-12-13,24.028,68.58
2022-12-14,24.105,nan
2022-12-15,24.181,66.04
2022-12-16,25.095,66.04
2022-12-17,24.46,66.04
2022-12-18,24.105,66.04
2022-12-19,23.647,66.04
2022-12-20,22.25,66.04
2022-12-21,23.546,63.5
2022-12-22,23.038,63.5
2022-12-23,22.631,63.5
2022-12-24,22.962,60.96
2022-12-25,22.911,60.96
2022-12-26,22.936,60.96
2022-12-27,22.962,58.42
2022-12-28,24.282,60.96
2022-12-29,24.232,60.96
2022-12-30,25.095,60.96
2022-12-31,24.079,55.88
2023-01-01,nan,nan
2023-01-02,nan,nan
2023-01-03,nan,nan
2023-01-04,nan,nan
2023-01-05,nan,nan
2023-01-06,nan,nan
2023-01-07,nan,nan
2023-01-08,nan,nan
2023-01-09,nan,nan
2023-01-10,nan,nan
2023-01-11,nan,nan
2023-01-12,nan,nan
2023-01-13,nan,nan
2023-01-14,nan,nan
2023-01-15,nan,nan
2023-01-16,nan,nan
2023-01-17,nan,nan
2023-01-18,nan,nan
2023-01-19,nan,nan
2023-01-20,nan,nan
2023-01-21,nan,nan
2023-01-22,nan,nan
2023-01-23,nan,nan
2023-01-24,nan,nan
2023-01-25,nan,nan
2023-01-26,nan,nan
2023-01-27,nan,nan
2023-01-28,nan,nan
2023-01-29,nan,nan
2023-01-30,nan,nan
2023-01-31,nan,nan
2023-02-01,nan,nan
2023-02-02,nan,nan
2023-02-03,nan,nan
2023-02-04,nan,nan
2023-02-05,nan,nan
2023-02-06,nan,nan
2023-02-07,nan,nan
2023-02-08,nan,nan
2023-02-09,nan,nan
2023-02-10,nan,nan
2023-02-11,nan,nan
2023-02-12,nan,nan
2023-02-13,nan,nan
2023-02-14,nan,nan
2023-02-15,nan,nan
2023-02-16,nan,nan
2023-02-17,nan,nan
2023-02-18,nan,nan
2023-02-19,nan,nan
2023-02-20,nan,nan
2023-02-21,nan,nan
2023-02-22,nan,nan
2023-02-23,nan,nan
2023-02-24,nan,nan
2023-02-25,nan,nan
2023-02-26,nan,nan
2023-02-27,nan,nan
2023-02-28,nan,nan
2023-03-01,nan,nan
2023-03-02,nan,nan
2023-03-03,nan,nan
2023-03-04,nan,nan
2023-03-05,nan,nan
2023-03-06,nan,nan
2023-03-07,nan,nan
2023-03-08,nan,nan
2023-03-09,nan,nan
2023-03-10,nan,nan
2023-03-11,nan,nan
2023-03-12,nan,nan
2023-03-13,nan,nan
2023-03-14,nan,nan
2023-03-15,nan,nan
2023-03-16,nan,nan
2023-03-17,nan,nan
2023-03-18,nan,nan
2023-03-19,nan,nan
2023-03-20,nan,nan
2023-03-21,nan,nan
2023-03-22,nan,nan
2023-03-23,nan,nan
2023-03-24,nan,nan
2023-03-25,nan,nan
2023-03-26,nan,nan
2023-03-27,nan,nan
2023-03-28,127.864,276.86
2023-03-29,133.579,312.42
2023-03-30,135.382,322.58
2023-03-31,135.814,317.5
2023-04-01,135.458,309.88
2023-04-02,134.671,299.72
2023-04-03,134.341,297.18
2023-04-04,134.696,299.72
2023-04-05,134.722,297.18
2023-04-06,134.899,292.1
2023-04-07,134.061,289.56
2023-04-08,133.553,284.48
2023-04-09,132.613,276.86
2023-04-10,130.759,266.7
2023-04-11,128.27,256.54
2023-04-12,125.857,248.92
2023-04-13,124.587,243.84
2023-04-14,123.698,243.84
2023-04-15,122.199,238.76
2023-04-16,120.193,228.6
2023-04-17,117.551,226.06
2023-04-18,115.24,223.52
2023-04-19,115.418,223.52
2023-04-20,114.529,220.98
2023-04-21,112.598,218.44
2023-04-22,109.906,208.28
2023-04-23,106.35,203.2
2023-04-24,102.794,200.66
2023-04-25,100.609,198.12
2023-04-26,98.095,187.96
2023-04-27,94.031,180.34
2023-04-28,90.094,172.72
2023-04-29,86.131,167.64
2023-04-30,81.407,160.02
2023-05-01,77.267,154.94
2023-05-02,75.667,160.02
2023-05-03,76.225,160.02
2023-05-04,76.606,157.48
2023-05-05,77.191,160.02
2023-05-06,77.47,160.02
2023-05-07,77.368,154.94
2023-05-08,76.708,152.4
2023-05-09,75.311,147.32
2023-05-10,73.508,142.24
2023-05-11,71.958,137.16
2023-05-12,67.869,132.08
2023-05-13,62.916,124.46
2023-05-14,56.972,114.3
2023-05-15,51.46,106.68
2023-05-16,46.812,99.06
2023-05-17,41.402,88.9
2023-05-18,35.56,76.2
2023-05-19,29.515,68.58
2023-05-20,23.089,58.42
2023-05-21,17.145,50.8
2023-05-22,9.754,38.1
2023-05-23,2.362,27.94
2023-05-24,0.0,17.78
2023-05-25,0.0,10.16
2023-05-26,0.0,0.0
2023-05-27,0.0,0.0
2023-05-28,0.0,0.0
2023-05-29,0.0,0.0
2023-05-30,0.0,0.0
2023-05-31,0.0,0.0
2023-06-01,0.0,0.0
2023-06-02,0.0,0.0
2023-06-03,0.0,0.0
2023-06-04,0.0,0.0
2023-06-05,0.0,0.0
2023-06-06,0.0,0.0
2023-06-07,0.0,0.0
2023-06-08,0.0,0.0
2023-06-09,0.0,0.0
2023-06-10,0.0,0.0
2023-06-11,0.0,0.0
2023-06-12,0.0,0.0
2023-06-13,0.0,0.0
2023-06-14,0.0,0.0
2023-06-15,0.0,0.0
2023-06-16,0.0,0.0
2023-06-17,0.0,0.0
2023-06-18,0.0,0.0
2023-06-19,0.0,0.0
2023-06-20,0.0,0.0
2023-06-21,0.0,0.0
2023-06-22,0.0,0.0
2023-06-23,0.0,0.0
2023-06-24,0.0,0.0
2023-06-25,0.0,0.0
2023-06-26,0.0,0.0
2023-06-27,0.0,0.0
2023-06-28,0.0,0.0
2023-06-29,0.0,0.0
2023-06-30,0.0,0.0
2023-07-01,0.0,0.0
2023-07-02,0.0,0.0
2023-07-03,0.0,0.0
2023-07-04,0.0,0.0
2023-07-05,0.0,0.0
2023-07-06,0.0,0.0
2023-07-07,0.0,0.0
2023-07-08,0.0,0.0
2023-07-09,0.0,0.0
2023-07-10,0.0,0.0
2023-07-11,0.0,0.0
2023-07-12,0.0,0.0
2023-07-13,0.0,0.0
2023-07-14,0.0,0.0
2023-07-15,0.0,0.0
2023-07-16,0.0,0.0
2023-07-17,0.0,0.0
2023-07-18,0.0,0.0
2023-07-19,0.0,0.0
2023-07-20,0.0,0.0
2023-07-21,0.0,0.0
2023-07-22,0.0,0.0
2023-07-23,0.0,0.0
2023-07-24,0.0,0.0
2023-07-25,0.0,0.0
2023-07-26,0.0,0.0
2023-07-27,0.0,0.0
2023-07-28,0.0,0.0
2023-07-29,0.0,0.0
2023-07-30,0.0,0.0
2023-07-31,0.0,0.0
2023-08-01,0.0,0.0
2023-08-02,0.0,0.0
2023-08-03,0.0,0.0
2023-08-04,0.0,0.0
2023-08-05,0.0,0.0
2023-08-06,0.0,0.0
2023-08-07,0.0,0.0
2023-08-08,0.0,0.0
2023-08-09,0.0,0.0
2023-08-10,0.0,0.0
2023-08-11,0.0,0.0
2023-08-12,0.0,0.0
2023-08-13,0.0,0.0
2023-08-14,0.0,0.0
2023-08-15,0.0,0.0
2023-08-16,0.0,0.0
2023-08-17,0.0,0.0
2023-08-18,0.0,0.0
2023-08-19,0.0,0.0
2023-08-20,0.0,0.0
2023-08-21,0.0,0.0
2023-08-22,0.0,0.0
2023-08-23,0.0,0.0
2023-08-24,0.0,0.0
2023-08-25,0.0,0.0
2023-08-26,0.0,0.0
2023-08-27,0.0,0.0
2023-08-28,0.0,0.0
2023-08-29,0.0,0.0
2023-08-30,0.0,0.0
2023-08-31,0.0,0.0
2023-09-01,0.0,0.0
2023-09-02,0.0,0.0
2023-09-03,0.0,0.0
2023-09-04,0.0,0.0
2023-09-05,0.0,0.0
2023-09-06,0.0,0.0
2023-09-07,0.0,0.0
2023-09-08,0.0,0.0
2023-09-09,0.0,0.0
2023-09-10,0.0,0.0
2023-09-11,0.0,0.0
2023-09-12,0.0,0.0
2023-09-13,0.0,nan
2023-09-14,0.0,0.0
2023-09-15,0.0,0.0
2023-09-16,0.0,0.0
2023-09-17,0.0,0.0
2023-09-18,0.0,0.0
2023-09-19,0.0,0.0
2023-09-20,0.0,0.0
2023-09-21,0.0,0.0
2023-09-22,0.0,0.0
2023-09-23,0.0,0.0
2023-09-24,0.0,0.0
2023-09-25,0.0,0.0
2023-09-26,0.0,0.0
2023-09-27,0.0,0.0
2023-09-28,0.0,0.0
2023-09-29,0.0,0.0
2023-09-30,0.0,0.0
2023-10-01,0.0,0.0
2023-10-02,0.0,0.0
2023-10-03,0.0,0.0
2023-10-04,0.0,0.0
2023-10-05,0.0,0.0
2023-10-06,0.0,0.0
2023-10-07,0.0,0.0
2023-10-08,0.0,0.0
2023-10-09,0.0,0.0
2023-10-10,0.0,0.0
2023-10-11,0.0,0.0
2023-10-12,0.0,0.0
2023-10-13,0.0,0.0
2023-10-14,0.0,0.0
2023-10-15,0.0,0.0
2023-10-16,0.0,0.0
2023-10-17,0.0,0.0
2023-10-18,0.0,0.0
2023-10-19,0.0,0.0
2023-10-20,0.0,0.0
2023-10-21,0.0,0.0
2023-10-22,0.0,0.0
2023-10-23,0.0,0.0
2023-10-24,0.0,0.0
2023-10-25,0.0,0.0
2023-10-26,0.0,0.0
2023-10-27,0.0,0.0
2023-10-28,0.0,0.0
2023-10-29,0.0,0.0
2023-10-30,0.0,0.0
2023-10-31,0.0,0.0
2023-11-01,0.0,0.0
2023-11-02,0.0,0.0
2023-11-03,0.0,0.0
2023-11-04,0.0,0.0
2023-11-05,0.0,0.0
2023-11-06,0.0,0.0
2023-11-07,0.0,0.0
2023-11-08,0.0,0.0
2023-11-09,0.0,0.0
2023-11-10,0.0,0.0
2023-11-11,0.0,0.0
2023-11-12,0.0,0.0
2023-11-13,0.0,0.0
2023-11-14,0.0,2.54
2023-11-15,0.0,2.54
2023-11-16,0.0,0.0
2023-11-17,0.0,0.0
2023-11-18,0.0,0.0
2023-11-19,0.0,0.0
2023-11-20,0.0,0.0
2023-11-21,0.0,0.0
2023-11-22,0.0,0.0
2023-11-23,0.0,0.0
2023-11-24,0.0,2.54
2023-11-25,0.0,2.54
2023-11-26,0.0,2.54
2023-11-27,0.0,2.54
2023-11-28,0.0,2.54
2023-11-29,0.0,0.0
2023-11-30,0.0,0.0
2023-12-01,0.356,0.0
2023-12-02,0.0,0.0
2023-12-03,0.0,0.0
2023-12-04,0.483,0.0
2023-12-05,0.559,0.0
2023-12-06,0.457,0.0
2023-12-07,2.007,2.54
2023-12-08,0.0,0.0
2023-12-09,1.295,2.54
2023-12-10,0.0,0.0
2023-12-11,0.0,0.0
2023-12-12,0.0,0.0
2023-12-13,0.0,0.0
2023-12-14,0.0,0.0
2023-12-15,0.0,0.0
2023-12-16,0.0,0.0
2023-12-17,0.0,0.0
2023-12-18,0.0,0.0
2023-12-19,0.61,0.0
2023-12-20,0.483,0.0
2023-12-21,0.508,0.0
2023-12-22,0.127,0.0
2023-12-23,0.0,0.0
2023-12-24,0.0,0.0
2023-12-25,0.0,0.0
2023-12-26,0.0,0.0
2023-12-27,0.0,0.0
2023-12-28,0.0,0.0
2023-12-29,0.0,0.0
2023-12-30,0.051,0.0
2023-12-31,0.0,0.0
2024-01-01,0.0,2.54
2024-01-02,0.0,2.54
2024-01-03,2.692,30.48
2024-01-04,2.87,25.4
2024-01-05,2.769,22.86
2024-01-06,2.743,20.32
2024-01-07,4.521,35.56
2024-01-08,4.369,30.48
2024-01-09,4.318,27.94
2024-01-10,4.267,27.94
2024-01-11,6.96,45.72
2024-01-12,6.96,40.64
2024-01-13,6.858,38.1
2024-01-14,7.366,33.02
2024-01-15,7.239,30.48
2024-01-16,7.036,30.48
2024-01-17,7.239,27.94
2024-01-18,7.01,25.4
2024-01-19,6.756,22.86
2024-01-20,7.137,22.86
2024-01-21,7.29,25.4
2024-01-22,7.315,22.86
2024-01-23,9.068,27.94
2024-01-24,9.017,27.94
2024-01-25,9.144,25.4
2024-01-26,9.119,22.86
2024-01-27,8.966,22.86
2024-01-28,8.484,20.32
2024-01-29,8.026,20.32
2024-01-30,7.645,17.78
2024-01-31,7.061,2.54
2024-02-01,8.23,2.54
2024-02-02,11.684,38.1
2024-02-03,12.598,43.18
2024-02-04,13.614,48.26
2024-02-05,18.237,50.8
2024-02-06,19.863,68.58
2024-02-07,20.93,66.04
2024-02-08,25.222,nan
2024-02-09,25.502,nan
2024-02-10,25.476,91.44
2024-02-11,25.552,nan
2024-02-12,25.629,nan
2024-02-13,25.679,nan
2024-02-14,25.603,76.2
2024-02-15,26.772,nan
2024-02-16,26.772,nan
2024-02-17,26.67,nan
2024-02-18,27.051,nan
2024-02-19,27.864,nan
2024-02-20,26.416,nan
2024-02-21,27.864,68.58
2024-02-22,28.219,68.58
2024-02-23,28.626,66.04
2024-02-24,28.626,nan
2024-02-25,28.753,63.5
2024-02-26,28.372,60.96
2024-02-27,27.991,60.96
2024-02-28,27.94,58.42
2024-02-29,27.813,58.42
2024-03-01,26.543,58.42
2024-03-02,35.306,nan
2024-03-03,41.986,121.92
2024-03-04,42.621,nan
2024-03-05,42.647,nan
2024-03-06,42.621,109.22
2024-03-07,44.272,114.3
2024-03-08,44.628,109.22
2024-03-09,44.628,nan
2024-03-10,44.602,nan
2024-03-11,44.425,nan
2024-03-12,44.094,99.06
2024-03-13,43.942,nan
2024-03-14,44.552,nan
2024-03-15,44.171,93.98
2024-03-16,43.688,91.44
2024-03-17,43.028,nan
2024-03-18,41.91,86.36
2024-03-19,40.31,nan
2024-03-20,38.608,78.74
2024-03-21,37.211,nan
2024-03-22,35.789,73.66
2024-03-23,36.068,0.0
2024-03-24,36.627,78.74
2024-03-25,38.024,0.0
2024-03-26,38.075,81.28
2024-03-27,38.252,78.74
2024-03-28,38.176,0.0
2024-03-29,39.497,0.0
2024-03-30,41.91,0.0
2024-03-31,44.221,114.3
2024-04-01,44.628,111.76
2024-04-02,44.374,0.0
2024-04-03,43.358,93.98
2024-04-04,41.58,0.0
2024-04-05,47.168,127.0
2024-04-06,49.327,137.16
2024-04-07,49.098,0.0
2024-04-08,49.2,119.38
2024-04-09,47.879,nan
2024-04-10,47.371,0.0
2024-04-11,45.644,96.52
2024-04-12,43.18,0.0
2024-04-13,40.869,86.36
2024-04-14,42.393,0.0
2024-04-15,42.672,0.0
2024-04-16,42.672,nan
2024-04-17,40.64,nan
2024-04-18,37.795,81.28
2024-04-19,34.874,73.66
2024-04-20,31.775,0.0
2024-04-21,27.508,0.0
2024-04-22,22.987,0.0
2024-04-23,18.161,0.0
2024-04-24,14.3,0.0
2024-04-25,11.735,33.02
2024-04-26,9.855,27.94
2024-04-27,2.794,2.54
2024-04-28,3.099,2.54
2024-04-29,4.293,2.54
2024-04-30,2.616,17.78
2024-05-01,0.711,7.62
2024-05-02,0.0,2.54
2024-05-03,5.994,5.08
2024-05-04,6.401,5.08
2024-05-05,3.327,10.16
2024-05-06,3.81,nan
2024-05-07,2.896,2.54
2024-05-08,4.089,2.54
2024-05-09,0.279,0.0
2024-05-10,0.0,0.0
2024-05-11,0.0,5.08
2024-05-12,0.0,0.0
2024-05-13,0.0,0.0
2024-05-14,0.0,7.62
2024-05-15,0.0,0.0
2024-05-16,0.0,7.62
2024-05-17,0.0,0.0
2024-05-18,0.0,10.16
2024-05-19,0.0,0.0
2024-05-20,0.0,10.16
2024-05-21,0.0,10.16
2024-05-22,0.0,10.16
2024-05-23,0.0,0.0
2024-05-24,0.0,10.16
2024-05-25,0.0,10.16
2024-05-26,0.0,10.16
2024-05-27,0.0,0.0
2024-05-28,0.0,0.0
2024-05-29,0.0,0.0
2024-05-30,0.0,0.0
2024-05-31,0.0,10.16
2024-06-01,0.0,10.16
2024-06-02,0.0,10.16
2024-06-03,0.0,10.16
2024-06-04,0.0,0.0
2024-06-05,0.0,10.16
2024-06-06,0.0,0.0
2024-06-07,0.0,0.0
2024-06-08,0.0,0.0
2024-06-09,0.0,0.0
2024-06-10,0.0,12.7
2024-06-11,0.0,0.0
2024-06-12,0.0,12.7
2024-06-13,0.0,0.0
2024-06-14,0.0,0.0
2024-06-15,0.0,nan
2024-06-16,0.0,12.7
2024-06-17,0.0,12.7
2024-06-18,0.0,12.7
2024-06-19,0.0,0.0
2024-06-20,0.0,12.7
2024-06-21,0.0,0.0
2024-06-22,0.0,0.0
2024-06-23,0.0,0.0
2024-06-24,0.0,12.7
2024-06-25,0.0,12.7
2024-06-26,0.0,12.7
2024-06-27,0.0,0.0
2024-06-28,0.0,12.7
2024-06-29,0.0,0.0
2024-06-30,0.0,0.0
2024-07-01,0.0,0.0
2024-07-02,0.0,0.0
2024-07-03,0.0,0.0
2024-07-04,0.0,nan
2024-07-05,0.0,15.24
2024-07-06,0.0,15.24
2024-07-07,0.0,0.0
2024-07-08,0.0,15.24
2024-07-09,0.0,0.0
2024-07-10,0.0,0.0
2024-07-11,0.0,15.24
2024-07-12,0.0,15.24
2024-07-13,0.0,0.0
2024-07-14,0.0,17.78
2024-07-15,0.0,nan
2024-07-16,0.0,0.0
2024-07-17,0.0,17.78
2024-07-18,0.0,0.0
2024-07-19,0.0,0.0
2024-07-20,0.0,0.0
2024-07-21,0.0,0.0
2024-07-22,0.0,0.0
2024-07-23,0.0,17.78
2024-07-24,0.0,17.78
2024-07-25,0.0,0.0
2024-07-26,0.0,0.0
2024-07-27,0.0,0.0
2024-07-28,0.0,0.0
2024-07-29,0.0,0.0
2024-07-30,0.0,0.0
2024-07-31,0.0,0.0
2024-08-01,0.0,0.0
2024-08-02,0.0,0.0
2024-08-03,0.0,0.0
2024-08-04,0.0,0.0
2024-08-05,0.0,0.0
2024-08-06,0.0,0.0
2024-08-07,0.0,0.0
2024-08-08,0.0,0.0
2024-08-09,0.0,0.0
2024-08-10,0.0,0.0
2024-08-11,0.0,0.0
2024-08-12,0.0,0.0
2024-08-13,0.0,0.0
2024-08-14,0.0,0.0
2024-08-15,0.0,0.0
2024-08-16,0.0,0.0
2024-08-17,0.0,0.0
2024-08-18,0.0,0.0
2024-08-19,0.0,0.0
2024-08-20,0.0,0.0
2024-08-21,0.0,0.0
2024-08-22,0.0,0.0
2024-08-23,0.0,0.0
2024-08-24,0.0,0.0
2024-08-25,0.0,0.0
2024-08-26,0.0,0.0
2024-08-27,0.0,0.0
2024-08-28,0.0,0.0
2024-08-29,0.0,0.0
2024-08-30,0.0,0.0
2024-08-31,0.0,0.0
2024-09-01,0.0,0.0
2024-09-02,0.0,0.0
2024-09-03,0.0,0.0
2024-09-04,0.0,0.0
2024-09-05,0.0,0.0
2024-09-06,0.0,0.0
2024-09-07,0.0,0.0
2024-09-08,0.0,0.0
2024-09-09,0.0,0.0
2024-09-10,0.0,0.0
2024-09-11,0.0,0.0
2024-09-12,0.0,0.0
2024-09-13,0.0,0.0
2024-09-14,0.0,0.0
2024-09-15,0.0,0.0
2024-09-16,0.0,0.0
2024-09-17,0.0,0.0
2024-09-18,0.0,0.0
2024-09-19,0.0,0.0
2024-09-20,0.0,0.0
2024-09-21,0.0,0.0
2024-09-22,0.0,0.0
2024-09-23,0.0,0.0
2024-09-24,0.0,0.0
2024-09-25,0.0,0.0
2024-09-26,0.0,0.0
2024-09-27,0.0,0.0
2024-09-28,0.0,0.0
2024-09-29,0.0,0.0
2024-09-30,0.0,0.0
2024-10-01,0.0,0.0
2024-10-02,0.0,0.0
2024-10-03,0.0,0.0
2024-10-04,0.0,0.0
2024-10-05,0.0,0.0
2024-10-06,0.0,0.0
2024-10-07,0.0,0.0
2024-10-08,0.0,0.0
2024-10-09,0.0,0.0
2024-10-10,0.0,0.0
2024-10-11,0.0,0.0
2024-10-12,0.0,0.0
2024-10-13,0.0,0.0
2024-10-14,0.0,0.0
2024-10-15,0.0,0.0
2024-10-16,0.0,0.0
2024-10-17,0.0,0.0
2024-10-18,0.0,0.0
2024-10-19,0.0,0.0
2024-10-20,0.0,0.0
2024-10-21,0.0,0.0
2024-10-22,0.0,0.0
2024-10-23,0.0,0.0
2024-10-24,0.0,0.0
2024-10-25,0.0,0.0
2024-10-26,0.0,0.0
2024-10-27,0.0,0.0
2024-10-28,0.0,0.0
2024-10-29,0.0,0.0
2024-10-30,0.0,0.0
2024-10-31,0.0,0.0
2024-11-01,0.0,0.0
2024-11-02,0.0,0.0
2024-11-03,0.0,0.0
2024-11-04,0.0,0.0
2024-11-05,0.0,0.0
2024-11-06,0.0,0.0
2024-11-07,0.0,0.0
2024-11-08,0.0,0.0
2024-11-09,0.0,0.0
2024-11-10,0.0,0.0
2024-11-11,0.0,0.0
2024-11-12,0.0,5.08
2024-11-13,0.0,0.0
2024-11-14,0.0,0.0
2024-11-15,0.0,0.0
2024-11-16,0.0,12.7
2024-11-17,0.0,10.16
2024-11-18,0.0,7.62
2024-11-19,0.0,7.62
2024-11-20,0.0,7.62
2024-11-21,0.0,2.54
2024-11-22,0.0,2.54
2024-11-23,0.0,5.08
2024-11-24,0.381,nan
2024-11-25,0.686,332.74
2024-11-26,1.295,2.54
2024-11-27,1.803,2.54
2024-11-28,nan,nan
2024-11-29,nan,nan
2024-11-30,nan,nan
2024-12-01,nan,nan
2024-12-02,nan,nan
2024-12-03,nan,nan
2024-12-04,nan,nan
2024-12-05,nan,nan
2024-12-06,nan,nan
2024-12-07,nan,nan
2024-12-08,nan,nan
2024-12-09,nan,nan
2024-12-10,nan,nan
2024-12-11,nan,nan
2024-12-12,nan,nan
2024-12-13,nan,nan
2024-12-14,nan,nan
2024-12-15,nan,nan
2024-12-16,nan,nan
2024-12-17,nan,nan
2024-12-18,nan,nan
2024-12-19,nan,nan
2024-12-20,nan,nan
2024-12-21,nan,nan
2024-12-22,nan,nan
2024-12-23,nan,nan
2024-12-24,nan,nan
2024-12-25,nan,nan
2024-12-26,nan,nan
2024-12-27,nan,nan
2024-12-28,nan,nan
2024-12-29,nan,nan
2024-12-30,nan,nan
2024-12-31,nan,nan
2025-01-01,nan,nan
2025-01-02,nan,nan
2025-01-03,nan,nan
2025-01-04,nan,nan
2025-01-05,nan,nan
2025-01-06,nan,nan
2025-01-07,nan,nan
2025-01-08,nan,nan
2025-01-09,nan,nan
2025-01-10,nan,nan
2025-01-11,nan,nan
2025-01-12,nan,nan
2025-01-13,nan,nan
2025-01-14,nan,nan
2025-01-15,nan,nan
2025-01-16,nan,nan
2025-01-17,nan,nan
2025-01-18,nan,nan
2025-01-19,nan,nan
2025-01-20,nan,nan
2025-01-21,nan,nan
2025-01-22,nan,nan
2025-01-23,nan,nan
2025-01-24,nan,nan
2025-01-25,nan,nan
2025-01-26,nan,nan
2025-01-27,nan,nan
2025-01-28,nan,nan
2025-01-29,nan,nan
2025-01-30,nan,nan
2025-01-31,nan,nan
2025-02-01,nan,nan
2025-02-02,nan,nan
2025-02-03,nan,nan
2025-02-04,nan,nan
2025-02-05,nan,nan
2025-02-06,nan,nan
2025-02-07,nan,nan
2025-02-08,nan,nan
2025-02-09,nan,nan
2025-02-10,nan,nan
2025-02-11,nan,nan
2025-02-12,nan,nan
2025-02-13,0.0,0.0
2025-02-14,12.268,12.7
2025-02-15,12.167,12.7
2025-02-16,12.573,12.7
2025-02-17,12.471,12.7
2025-02-18,12.522,12.7
2025-02-19,12.344,25.4
2025-02-20,12.776,22.86
2025-02-21,13.157,22.86
2025-02-22,12.446,20.32
2025-02-23,10.795,20.32
2025-02-24,8.56,17.78
2025-02-25,8.128,15.24
2025-02-26,7.417,15.24
2025-02-27,7.239,12.7
2025-02-28,7.366,12.7
2025-03-01,4.623,10.16
2025-03-02,3.251,10.16
2025-03-03,8.585,35.56
2025-03-04,10.693,33.02
2025-03-05,9.931,25.4
2025-03-06,11.989,53.34
2025-03-07,12.573,48.26
2025-03-08,12.929,45.72
2025-03-09,12.573,40.64
2025-03-10,12.141,35.56
2025-03-11,11.887,33.02
2025-03-12,11.862,30.48
2025-03-13,17.653,78.74
2025-03-14,20.93,101.6
2025-03-15,22.86,109.22
2025-03-16,22.86,93.98
2025-03-17,22.758,86.36
2025-03-18,26.264,101.6
2025-03-19,26.441,91.44
2025-03-20,26.111,86.36
2025-03-21,25.679,81.28
2025-03-22,24.562,73.66
2025-03-23,23.851,68.58
2025-03-24,22.708,60.96
2025-03-25,20.726,53.34
2025-03-26,18.542,48.26
2025-03-27,16.561,43.18
2025-03-28,14.859,38.1
2025-03-29,15.113,38.1
2025-03-30,14.63,38.1
2025-03-31,13.919,35.56
2025-04-01,15.57,43.18
2025-04-02,17.272,60.96
2025-04-03,17.678,55.88
2025-04-04,18.44,58.42
2025-04-05,18.034,48.26
2025-04-06,16.815,43.18
2025-04-07,15.596,40.64
2025-04-08,13.767,35.56
2025-04-09,11.278,30.48
2025-04-10,7.95,25.4
2025-04-11,4.496,20.32
2025-04-12,2.184,12.7
2025-04-13,1.27,5.08
2025-04-14,0.0,2.54
2025-04-15,0.0,0.0
2025-04-16,0.0,0.0
2025-04-17,0.0,0.0
2025-04-18,0.0,0.0
2025-04-19,0.0,0.0
2025-04-20,0.0,0.0
2025-04-21,0.0,0.0
2025-04-22,0.0,0.0
2025-04-23,0.0,0.0
2025-04-24,0.0,0.0
2025-04-25,0.0,0.0
2025-04-26,0.0,0.0
2025-04-27,0.33,5.08
2025-04-28,0.0,0.0
2025-04-29,0.0,0.0
2025-04-30,0.0,0.0
2025-05-01,0.0,0.0
2025-05-02,0.0,0.0
2025-05-03,0.0,0.0
2025-05-04,0.0,0.0
2025-05-05,0.0,0.0
2025-05-06,0.0,0.0
2025-05-07,0.0,0.0
2025-05-08,0.0,0.0
2025-05-09,0.0,0.0
2025-05-10,0.0,0.0
2025-05-11,0.0,0.0
2025-05-12,0.0,0.0
2025-05-13,0.0,0.0
2025-05-14,0.0,0.0
2025-05-15,0.0,0.0
2025-05-16,0.0,0.0
2025-05-17,0.0,0.0
2025-05-18,0.0,0.0
2025-05-19,0.0,0.0
2025-05-20,0.0,0.0
2025-05-21,0.0,0.0
2025-05-22,0.0,0.0
2025-05-23,0.0,0.0
2025-05-24,0.0,0.0
2025-05-25,0.0,0.0
2025-05-26,0.0,0.0
2025-05-27,0.0,0.0
2025-05-28,0.0,0.0
2025-05-29,0.0,0.0
2025-05-30,0.0,0.0
2025-05-31,0.0,0.0
2025-06-01,0.0,0.0
2025-06-02,0.0,0.0
2025-06-03,0.0,0.0
2025-06-04,0.0,0.0
2025-06-05,0.0,0.0
2025-06-06,0.0,0.0
2025-06-07,0.0,0.0
2025-06-08,0.0,0.0
2025-06-09,0.0,0.0
2025-06-10,0.0,0.0
2025-06-11,0.0,0.0
2025-06-12,0.0,0.0
2025-06-13,0.0,0.0
2025-06-14,0.0,0.0
2025-06-15,0.0,0.0
2025-06-16,0.0,0.0
2025-06-17,0.0,0.0
2025-06-18,0.0,0.0
2025-06-19,0.0,0.0
2025-06-20,0.0,0.0
2025-06-21,0.0,0.0
2025-06-22,0.0,0.0
2025-06-23,0.0,0.0
2025-06-24,0.0,0.0
2025-06-25,0.0,0.0
2025-06-26,0.0,0.0
2025-06-27,0.0,0.0
2025-06-28,0.0,0.0
2025-06-29,0.0,0.0
2025-06-30,0.0,0.0
2025-07-01,0.0,0.0
2025-07-02,0.0,0.0
2025-07-03,0.0,0.0
2025-07-04,0.0,0.0
2025-07-05,0.0,0.0
2025-07-06,0.0,0.0
2025-07-07,0.0,0.0
2025-07-08,0.0,0.0
2025-07-09,0.0,0.0
2025-07-10,0.0,0.0
2025-07-11,0.0,0.0
2025-07-12,0.0,0.0
2025-07-13,0.0,0.0
2025-07-14,0.0,0.0
2025-07-15,0.0,0.0
2025-07-16,0.0,0.0
2025-07-17,0.0,0.0
2025-07-18,0.0,0.0
2025-07-19,0.0,0.0
2025-07-20,0.0,0.0
2025-07-21,0.0,0.0
2025-07-22,0.0,0.0
2025-07-23,0.0,0.0
2025-07-24,0.0,0.0
2025-07-25,0.0,0.0
2025-07-26,0.0,0.0
2025-07-27,0.0,0.0
2025-07-28,0.0,0.0
2025-07-29,0.0,0.0
2025-07-30,0.0,0.0
2025-07-31,0.0,0.0
2025-08-01,0.0,0.0
2025-08-02,0.0,0.0
2025-08-03,0.0,0.0
2025-08-04,0.0,0.0
2025-08-05,0.0,0.0
2025-08-06,0.0,0.0
2025-08-07,0.0,0.0
2025-08-08,0.0,0.0
2025-08-09,0.0,0.0
2025-08-10,0.0,0.0
2025-08-11,0.0,0.0
2025-08-12,0.0,0.0
2025-08-13,0.0,0.0
2025-08-14,0.0,0.0
2025-08-15,0.0,0.0
2025-08-16,0.0,0.0
2025-08-17,0.0,0.0
2025-08-18,0.0,0.0
2025-08-19,0.0,0.0
2025-08-20,0.0,0.0
2025-08-21,0.0,0.0
2025-08-22,0.0,0.0
2025-08-23,0.0,0.0
2025-08-24,0.0,0.0
2025-08-25,0.0,0.0
2025-08-26,0.0,0.0
2025-08-27,0.0,0.0
2025-08-28,0.0,0.0
2025-08-29,0.0,0.0
2025-08-30,0.0,0.0
2025-08-31,0.0,0.0
2025-09-01,0.0,0.0
2025-09-02,0.0,0.0
2025-09-03,0.0,0.0
2025-09-04,0.0,0.0
2025-09-05,0.0,0.0
2025-09-06,0.0,0.0
2025-09-07,0.0,0.0
2025-09-08,0.0,0.0
2025-09-09,0.0,0.0
2025-09-10,0.0,0.0
2025-09-11,0.0,0.0
2025-09-12,0.0,0.0
2025-09-13,0.0,0.0
2025-09-14,0.0,0.0
2025-09-15,0.0,0.0
2025-09-16,0.0,0.0
2025-09-17,0.0,0.0
2025-09-18,0.0,0.0
2025-09-19,0.0,0.0
2025-09-20,0.0,0.0
2025-09-21,0.0,0.0
2025-09-22,0.0,0.0
2025-09-23,0.0,0.0
2025-09-24,0.0,0.0
2025-09-25,0.0,0.0
2025-09-26,0.0,0.0
2025-09-27,0.0,0.0
2025-09-28,0.0,0.0
2025-09-29,0.0,0.0
2025-09-30,0.0,15.24
2025-10-01,0.0,0.0
2025-10-02,0.0,0.0
2025-10-03,0.0,0.0
2025-10-04,0.0,0.0
2025-10-05,0.0,0.0
2025-10-06,0.0,0.0
2025-10-07,0.0,0.0
2025-10-08,0.0,0.0
2025-10-09,0.0,0.0
2025-10-10,0.0,0.0
2025-10-11,0.0,0.0
2025-10-12,0.0,0.0
2025-10-13,0.0,0.0
2025-10-14,0.0,0.0
2025-10-15,0.965,27.94
2025-10-16,0.711,15.24
2025-10-17,0.051,7.62
2025-10-18,0.0,2.54
2025-10-19,0.0,0.0
2025-10-20,0.0,0.0
2025-10-21,0.0,0.0
2025-10-22,0.0,0.0
2025-10-23,0.0,0.0
2025-10-24,0.0,0.0
2025-10-25,0.0,0.0
2025-10-26,0.0,0.0
2025-10-27,0.0,0.0
2025-10-28,0.0,0.0
2025-10-29,0.0,0.0
2025-10-30,0.0,0.0
2025-10-31,0.0,0.0
2025-11-01,0.0,0.0
2025-11-02,0.0,0.0
2025-11-03,0.0,0.0
2025-11-04,0.0,0.0
2025-11-05,0.0,0.0
2025-11-06,0.0,0.0
2025-11-07,0.0,0.0
2025-11-08,0.0,0.0
2025-11-09,0.0,0.0
2025-11-10,0.0,0.0
2025-11-11,0.0,0.0
2025-11-12,0.0,0.0
2025-11-13,0.0,0.0
2025-11-14,0.0,0.0
2025-11-15,0.0,0.0
2025-11-16,0.0,2.54
2025-11-17,0.0,7.62
2025-11-18,1.448,22.86
2025-11-19,1.219,17.78
2025-11-20,1.092,12.7
2025-11-21,1.448,17.78
2025-11-22,1.397,12.7
2025-11-23,1.27,12.7
2025-11-24,1.168,10.16
2025-11-25,1.041,7.62
2025-11-26,0.838,5.08
2025-11-27,0.533,5.08
2025-11-28,0.229,5.08
2025-11-29,0.0,2.54
2025-11-30,0.0,2.54
2025-12-01,0.0,2.54
2025-12-02,0.0,2.54
2025-12-03,0.0,2.54
2025-12-04,0.0,2.54
2025-12-05,0.0,2.54
2025-12-06,0.0,2.54
2025-12-07,0.0,2.54
2025-12-08,0.0,0.0
2025-12-09,0.0,0.0
2025-12-10,0.0,0.0
2025-12-11,0.0,0.0
2025-12-12,0.0,0.0
2025-12-13,0.0,0.0
2025-12-14,0.0,0.0
2025-12-15,0.0,0.0
2025-12-16,0.0,0.0
2025-12-17,0.0,0.0
2025-12-18,0.0,0.0
2025-12-19,0.0,0.0
2025-12-20,0.0,0.0
2025-12-21,0.0,0.0
2025-12-22,0.0,0.0
2025-12-23,0.0,0.0
2025-12-24,0.0,0.0
2025-12-25,0.0,0.0
2025-12-26,2.057,10.16
2025-12-27,2.616,12.7
2025-12-28,2.54,12.7
2025-12-29,1.372,12.7
2025-12-30,1.524,12.7
2025-12-31,1.702,10.16
2026-01-01,0.381,7.62
2026-01-02,0.0,5.08
2026-01-03,0.0,5.08
2026-01-04,0.0,2.54
2026-01-05,1.448,27.94
2026-01-06,1.168,25.4
2026-01-07,1.295,22.86
2026-01-08,1.626,25.4
2026-01-09,1.956,27.94
2026-01-10,2.464,25.4
2026-01-11,2.134,25.4
2026-01-12,1.448,22.86
2026-01-13,1.27,20.32
2026-01-14,1.067,20.32
2026-01-15,1.321,17.78
2026-01-16,1.626,17.78
2026-01-17,1.778,15.24
2026-01-18,2.032,15.24
2026-01-19,2.083,15.24
2026-01-20,2.108,12.7
2026-01-21,2.108,12.7
2026-01-22,2.083,12.7
2026-01-23,1.956,10.16
2026-01-24,1.575,10.16
2026-01-25,1.219,10.16
2026-01-26,0.0,10.16
2026-01-27,0.0,10.16
2026-01-28,0.0,10.16
2026-01-29,0.711,10.16
2026-01-30,0.991,2.54
2026-01-31,1.219,7.62
2026-02-01,1.092,7.62
2026-02-02,0.991,5.08
2026-02-03,0.305,5.08
2026-02-04,0.0,2.54
2026-02-05,0.0,2.54
2026-02-06,0.0,2.54
2026-02-07,0.0,0.0
2026-02-08,0.0,0.0
2026-02-09,0.0,0.0
2026-02-10,0.0,0.0
2026-02-11,0.0,2.54
2026-02-12,0.0,7.62
2026-02-13,0.0,7.62
2026-02-14,0.0,5.08
2026-02-15,0.203,5.08
2026-02-16,0.203,5.08
2026-02-17,7.925,63.5
2026-02-18,18.694,114.3
2026-02-19,19.126,116.84
2026-02-20,22.733,134.62
2026-02-21,22.631,124.46
2026-02-22,22.581,114.3
2026-02-23,22.53,109.22
2026-02-24,22.682,99.06
2026-02-25,22.631,83.82
2026-02-26,21.311,68.58
2026-02-27,20.193,60.96
2026-02-28,18.567,53.34
2026-03-01,16.942,50.8
2026-03-02,15.799,48.26
2026-03-03,14.529,45.72
2026-03-04,13.741,43.18
2026-03-05,13.462,43.18
2026-03-06,14.021,43.18
2026-03-07,14.021,40.64
2026-03-08,13.284,38.1
2026-03-09,11.811,35.56
2026-03-10,10.592,33.02
2026-03-11,9.423,30.48
2026-03-12,7.239,27.94
2026-03-13,5.436,25.4
2026-03-14,3.759,20.32
2026-03-15,1.092,15.24
2026-03-16,0.0,12.7
2026-03-17,0.0,7.62
2026-03-18,0.0,0.0
2026-03-19,0.0,0.0
2026-03-20,0.0,0.0
2026-03-21,0.0,0.0
2026-03-22,0.0,0.0
2026-03-23,0.0,0.0
2026-03-24,0.0,0.0
2026-03-25,0.0,0.0
2026-03-26,0.0,0.0
2026-03-27,0.0,0.0
2026-03-28,0.0,0.0
2026-03-29,0.0,0.0
2026-03-30,0.0,0.0
2026-03-31,0.0,0.0
2026-04-01,nan,nan
